station,x_throat_mm,r_inner_mm,slot_pitch_mm,ch_per_slot,ch_width_mm,ch_height_mm,land_mm,wall_t_mm,r_floor_mm,r_ceiling_mm
Injector face,-388.023,226.682,3.652,1,1.000,2.000,2.652,1.000,227.682,229.682
Chamber arc START,-238.997,226.682,3.652,1,1.000,2.000,2.652,1.000,227.682,229.682
Chamber arc MID,-230.021,225.708,3.636,1,1.000,2.000,2.636,1.000,226.708,228.708
Chamber arc END,-221.045,222.634,3.587,1,1.000,2.000,2.587,1.000,223.634,225.634
Throat conv fillet START,-53.189,142.870,2.302,1,1.000,2.000,1.302,1.000,143.870,145.870
Throat conv fillet MID,-26.594,133.762,2.155,1,1.000,2.000,1.155,1.000,134.762,136.762
Throat,0.000,130.875,2.108,1,1.000,2.000,1.108,1.000,131.875,133.875
Throat div fillet MID,14.614,133.126,2.145,1,1.000,2.000,1.145,1.000,134.126,136.126
Throat div fillet END,29.229,140.655,2.266,1,1.000,2.000,1.266,1.000,141.655,143.655
Bell 5 mm,34.229,144.349,2.326,1,1.000,2.000,1.326,1.000,145.349,147.349
Bell 10 mm,39.229,147.904,2.383,1,1.000,2.000,1.383,1.000,148.904,150.904
Bell 15 mm,44.229,151.331,2.438,1,1.000,2.000,1.438,1.000,152.331,154.331
Bell 20 mm,49.229,154.643,2.491,1,1.000,2.000,1.491,1.000,155.643,157.643
Bell 25 mm,54.229,157.846,2.543,1,1.000,2.000,1.543,1.000,158.846,160.846
Bell 30 mm,59.229,160.950,2.593,1,1.000,2.000,1.593,1.000,161.950,163.950
Bell 35 mm,64.229,163.961,2.642,1,1.000,2.000,1.642,1.000,164.961,166.961
Bell 40 mm,69.229,166.885,2.689,1,1.000,2.000,1.689,1.000,167.885,169.885
Bell 45 mm,74.229,169.728,2.734,1,1.000,2.000,1.734,1.000,170.728,172.728
Bell 50 mm,79.229,172.496,2.779,1,1.000,2.000,1.779,1.000,173.496,175.496
Bell 55 mm,84.229,175.191,2.822,1,1.000,2.000,1.822,1.000,176.191,178.191
Bell 60 mm,89.229,177.819,2.865,1,1.000,2.000,1.865,1.000,178.819,180.819
Bell 65 mm,94.229,180.383,2.906,1,1.000,2.000,1.906,1.000,181.383,183.383
Bell 70 mm,99.229,182.887,2.946,1,1.000,2.000,1.946,1.000,183.887,185.887
Bell 75 mm,104.229,185.333,2.986,1,1.000,2.000,1.986,1.000,186.333,188.333
Bell 80 mm,109.229,187.725,3.024,1,1.000,2.000,2.024,1.000,188.725,190.725
Bell 85 mm,114.229,190.064,3.062,1,1.000,2.000,2.062,1.000,191.064,193.064
Bell 90 mm,119.229,192.355,3.099,1,1.000,2.000,2.099,1.000,193.355,195.355
Bell 95 mm,124.229,194.597,3.135,1,1.000,2.000,2.135,1.000,195.597,197.597
Bell 100 mm,129.229,196.795,3.171,1,1.000,2.000,2.171,1.000,197.795,199.795
Bell 105 mm,134.229,198.949,3.205,1,1.000,2.000,2.205,1.000,199.949,201.949
Bell 110 mm,139.229,201.061,3.239,1,1.000,2.000,2.239,1.000,202.061,204.061
Bell 115 mm,144.229,203.134,3.273,1,1.000,2.000,2.273,1.000,204.134,206.134
Bell 120 mm,149.229,205.168,3.305,1,1.000,2.000,2.305,1.000,206.168,208.168
Bell 125 mm,154.229,207.165,3.338,1,1.000,2.000,2.338,1.000,208.165,210.165
Bell 130 mm,159.229,209.127,3.369,1,1.000,2.000,2.369,1.000,210.127,212.127
Bell 135 mm,164.229,211.054,3.400,1,1.000,2.000,2.400,1.000,212.054,214.054
Bell 140 mm,169.229,212.948,3.431,1,1.000,2.000,2.431,1.000,213.948,215.948
Bell 145 mm,174.229,214.811,3.461,1,1.000,2.000,2.461,1.000,215.811,217.811
Bell 150 mm,179.229,216.642,3.490,1,1.000,2.000,2.490,1.000,217.642,219.642
Bell 155 mm,184.229,218.444,3.519,1,1.000,2.000,2.519,1.000,219.444,221.444
Bell 160 mm,189.229,220.217,3.548,1,1.000,2.000,2.548,1.000,221.217,223.217
Bell 165 mm,194.229,221.962,3.576,1,1.000,2.000,2.576,1.000,222.962,224.962
Bell 170 mm,199.229,223.680,3.604,1,1.000,2.000,2.604,1.000,224.680,226.680
Bell 175 mm,204.229,225.372,3.631,1,1.000,2.000,2.631,1.000,226.372,228.372
Bell 180 mm,209.229,227.038,3.658,1,1.000,2.000,2.658,1.000,228.038,230.038
Bell 185 mm,214.229,228.679,3.684,1,1.000,2.000,2.684,1.000,229.679,231.679
Bell 190 mm,219.229,230.297,3.710,1,1.000,2.000,2.710,1.000,231.297,233.297
Bell 195 mm,224.229,231.891,3.736,1,1.000,2.000,2.736,1.000,232.891,234.891
Bell 200 mm,229.229,233.462,3.761,1,1.000,2.000,2.761,1.000,234.462,236.462
Bell 205 mm,234.229,235.012,3.786,1,1.000,2.000,2.786,1.000,236.012,238.012
Bell 210 mm,239.229,236.539,3.811,1,1.000,2.000,2.811,1.000,237.539,239.539
Bell 215 mm,244.229,238.046,3.835,1,1.000,2.000,2.835,1.000,239.046,241.046
Bell 220 mm,249.229,239.533,3.859,1,1.000,2.000,2.859,1.000,240.533,242.533
Bell 225 mm,254.229,240.999,3.883,1,1.000,2.000,2.883,1.000,241.999,243.999
Bell 230 mm,259.229,242.446,3.906,1,1.000,2.000,2.906,1.000,243.446,245.446
Bell 235 mm,264.229,243.875,3.929,1,1.000,2.000,2.929,1.000,244.875,246.875
Bell 240 mm,269.229,245.284,3.952,1,1.000,2.000,2.952,1.000,246.284,248.284
Bell 245 mm,274.229,246.676,3.974,1,1.000,2.000,2.974,1.000,247.676,249.676
Bell 250 mm,279.229,248.050,3.996,1,1.000,2.000,2.996,1.000,249.050,251.050
Bell 255 mm,284.229,249.407,4.018,1,1.000,2.000,3.018,1.000,250.407,252.407
Bell 260 mm,289.229,250.747,4.040,1,1.000,2.000,3.040,1.000,251.747,253.747
Bell 265 mm,294.229,252.071,4.061,1,1.000,2.000,3.061,1.000,253.071,255.071
Bell 270 mm,299.229,253.378,4.082,1,1.000,2.000,3.082,1.000,254.378,256.378
Bell 275 mm,304.229,254.670,4.103,1,1.000,2.000,3.103,1.000,255.670,257.670
Bell 280 mm,309.229,255.946,4.123,1,1.000,2.000,3.123,1.000,256.946,258.946
Bell 285 mm,314.229,257.208,4.144,1,1.000,2.000,3.144,1.000,258.208,260.208
Bell 290 mm,319.229,258.454,4.164,1,1.000,2.000,3.164,1.000,259.454,261.454
Bell 295 mm,324.229,259.686,4.184,1,1.000,2.000,3.184,1.000,260.686,262.686
Bell 300 mm,329.229,260.904,4.203,1,1.000,2.000,3.203,1.000,261.904,263.904
Bell 305 mm,334.229,262.108,4.223,1,1.000,2.000,3.223,1.000,263.108,265.108
Bell 310 mm,339.229,263.298,4.242,1,1.000,2.000,3.242,1.000,264.298,266.298
Bell 315 mm,344.229,264.475,4.261,1,1.000,2.000,3.261,1.000,265.475,267.475
Bell 320 mm,349.229,265.639,4.280,1,1.000,2.000,3.280,1.000,266.639,268.639
Bell 325 mm,354.229,266.790,4.298,1,1.000,2.000,3.298,1.000,267.790,269.790
Bell 330 mm,359.229,267.929,4.317,1,1.000,2.000,3.317,1.000,268.929,270.929
Bell 335 mm,364.229,269.055,4.335,1,1.000,2.000,3.335,1.000,270.055,272.055
Bell 340 mm,369.229,270.168,4.353,1,1.000,2.000,3.353,1.000,271.168,273.168
Bell 345 mm,374.229,271.270,4.370,1,1.000,2.000,3.370,1.000,272.270,274.270
Bell 350 mm,379.229,272.361,4.388,1,1.000,2.000,3.388,1.000,273.361,275.361
Bell 355 mm,384.229,273.439,4.405,1,1.000,2.000,3.405,1.000,274.439,276.439
Bell 360 mm,389.229,274.507,4.423,1,1.000,2.000,3.423,1.000,275.507,277.507
Bell 365 mm,394.229,275.563,4.440,1,1.000,2.000,3.440,1.000,276.563,278.563
Bell 370 mm,399.229,276.608,4.456,1,1.000,2.000,3.456,1.000,277.608,279.608
Bell 375 mm,404.229,277.643,4.473,1,1.000,2.000,3.473,1.000,278.643,280.643
Bell 380 mm,409.229,278.666,4.490,1,1.000,2.000,3.490,1.000,279.666,281.666
Bell 385 mm,414.229,279.680,4.506,1,1.000,2.000,3.506,1.000,280.680,282.680
Bell 390 mm,419.229,280.683,4.522,1,1.000,2.000,3.522,1.000,281.683,283.683
Bell 395 mm,424.229,281.677,4.538,1,1.000,2.000,3.538,1.000,282.677,284.677
Bell 400 mm,429.229,282.660,4.554,1,1.000,2.000,3.554,1.000,283.660,285.660
Bell 405 mm,434.229,283.633,4.570,1,1.000,2.000,3.570,1.000,284.633,286.633
Bell 410 mm,439.229,284.597,4.585,1,1.000,2.000,3.585,1.000,285.597,287.597
Bell 415 mm,444.229,285.552,4.600,1,1.000,2.000,3.600,1.000,286.552,288.552
Bell 420 mm,449.229,286.497,4.616,1,1.000,2.000,3.616,1.000,287.497,289.497
Bell 425 mm,454.229,287.433,4.631,1,1.000,2.000,3.631,1.000,288.433,290.433
Bell 430 mm,459.229,288.360,4.646,1,1.000,2.000,3.646,1.000,289.360,291.360
Bell 435 mm,464.229,289.278,4.660,1,1.000,2.000,3.660,1.000,290.278,292.278
Bell 440 mm,469.229,290.187,4.675,1,1.000,2.000,3.675,1.000,291.187,293.187
Bell 445 mm,474.229,291.088,4.690,1,1.000,2.000,3.690,1.000,292.088,294.088
Bell 450 mm,479.229,291.980,4.704,1,1.000,2.000,3.704,1.000,292.980,294.980
Nozzle exit,482.988,292.645,4.715,1,1.000,2.000,3.715,1.000,293.645,295.645
