x_mm,r_mm
-402.13086,41.93708
-401.93086,41.93708
-401.73086,41.93708
-401.53086,41.93708
-401.33086,41.93708
-401.13086,41.93708
-400.93086,41.93708
-400.73086,41.93708
-400.53086,41.93708
-400.33086,41.93708
-400.13086,41.93708
-399.93086,41.93708
-399.73086,41.93708
-399.53086,41.93708
-399.33086,41.93708
-399.13086,41.93708
-398.93086,41.93708
-398.73086,41.93708
-398.53086,41.93708
-398.33086,41.93708
-398.13086,41.93708
-397.93086,41.93708
-397.73086,41.93708
-397.53086,41.93708
-397.33086,41.93708
-397.13086,41.93708
-396.93086,41.93708
-396.73086,41.93708
-396.53086,41.93708
-396.33086,41.93708
-396.13086,41.93708
-395.93086,41.93708
-395.73086,41.93708
-395.53086,41.93708
-395.33086,41.93708
-395.13086,41.93708
-394.93086,41.93708
-394.73086,41.93708
-394.53086,41.93708
-394.33086,41.93708
-394.13086,41.93708
-393.93086,41.93708
-393.73086,41.93708
-393.53086,41.93708
-393.33086,41.93708
-393.13086,41.93708
-392.93086,41.93708
-392.73086,41.93708
-392.53086,41.93708
-392.33086,41.93708
-392.13086,41.93708
-391.93086,41.93708
-391.73086,41.93708
-391.53086,41.93708
-391.33086,41.93708
-391.13086,41.93708
-390.93086,41.93708
-390.73086,41.93708
-390.53086,41.93708
-390.33086,41.93708
-390.13086,41.93708
-389.93086,41.93708
-389.73086,41.93708
-389.53086,41.93708
-389.33086,41.93708
-389.13086,41.93708
-388.93086,41.93708
-388.73086,41.93708
-388.53086,41.93708
-388.33086,41.93708
-388.13086,41.93708
-387.93086,41.93708
-387.73086,41.93708
-387.53086,41.93708
-387.33086,41.93708
-387.13086,41.93708
-386.93086,41.93708
-386.73086,41.93708
-386.53086,41.93708
-386.33086,41.93708
-386.13086,41.93708
-385.93086,41.93708
-385.73086,41.93708
-385.53086,41.93708
-385.33086,41.93708
-385.13086,41.93708
-384.93086,41.93708
-384.73086,41.93708
-384.53086,41.93708
-384.33086,41.93708
-384.13086,41.93708
-383.93086,41.93708
-383.73086,41.93708
-383.53086,41.93708
-383.33086,41.93708
-383.13086,41.93708
-382.93086,41.93708
-382.73086,41.93708
-382.53086,41.93708
-382.33086,41.93708
-382.13086,41.93708
-381.93086,41.93708
-381.73086,41.93708
-381.53086,41.93708
-381.33086,41.93708
-381.13086,41.93708
-380.93086,41.93708
-380.73086,41.93708
-380.53086,41.93708
-380.33086,41.93708
-380.13086,41.93708
-379.93086,41.93708
-379.73086,41.93708
-379.53086,41.93708
-379.33086,41.93708
-379.13086,41.93708
-378.93086,41.93708
-378.73086,41.93708
-378.53086,41.93708
-378.33086,41.93708
-378.13086,41.93708
-377.93086,41.93708
-377.73086,41.93708
-377.53086,41.93708
-377.33086,41.93708
-377.13086,41.93708
-376.93086,41.93708
-376.73086,41.93708
-376.53086,41.93708
-376.33086,41.93708
-376.13086,41.93708
-375.93086,41.93708
-375.73086,41.93708
-375.53086,41.93708
-375.33086,41.93708
-375.13086,41.93708
-374.93086,41.93708
-374.73086,41.93708
-374.53086,41.93708
-374.33086,41.93708
-374.13086,41.93708
-373.93086,41.93708
-373.73086,41.93708
-373.53086,41.93708
-373.33086,41.93708
-373.13086,41.93708
-372.93086,41.93708
-372.73086,41.93708
-372.53086,41.93708
-372.33086,41.93708
-372.13086,41.93708
-371.93086,41.93708
-371.73086,41.93708
-371.53086,41.93708
-371.33086,41.93708
-371.13086,41.93708
-370.93086,41.93708
-370.73086,41.93708
-370.53086,41.93708
-370.33086,41.93708
-370.13086,41.93708
-369.93086,41.93708
-369.73086,41.93708
-369.53086,41.93708
-369.33086,41.93708
-369.13086,41.93708
-368.93086,41.93708
-368.73086,41.93708
-368.53086,41.93708
-368.33086,41.93708
-368.13086,41.93708
-367.93086,41.93708
-367.73086,41.93708
-367.53086,41.93708
-367.33086,41.93708
-367.13086,41.93708
-366.93086,41.93708
-366.73086,41.93708
-366.53086,41.93708
-366.33086,41.93708
-366.13086,41.93708
-365.93086,41.93708
-365.73086,41.93708
-365.53086,41.93708
-365.33086,41.93708
-365.13086,41.93708
-364.93086,41.93708
-364.73086,41.93708
-364.53086,41.93708
-364.33086,41.93708
-364.13086,41.93708
-363.93086,41.93708
-363.73086,41.93708
-363.53086,41.93708
-363.33086,41.93708
-363.13086,41.93708
-362.93086,41.93708
-362.73086,41.93708
-362.53086,41.93708
-362.33086,41.93708
-362.13086,41.93708
-361.93086,41.93708
-361.73086,41.93708
-361.53086,41.93708
-361.33086,41.93708
-361.13086,41.93708
-360.93086,41.93708
-360.73086,41.93708
-360.53086,41.93708
-360.33086,41.93708
-360.13086,41.93708
-359.93086,41.93708
-359.73086,41.93708
-359.53086,41.93708
-359.33086,41.93708
-359.13086,41.93708
-358.93086,41.93708
-358.73086,41.93708
-358.53086,41.93708
-358.33086,41.93708
-358.13086,41.93708
-357.93086,41.93708
-357.73086,41.93708
-357.53086,41.93708
-357.33086,41.93708
-357.13086,41.93708
-356.93086,41.93708
-356.73086,41.93708
-356.53086,41.93708
-356.33086,41.93708
-356.13086,41.93708
-355.93086,41.93708
-355.73086,41.93708
-355.53086,41.93708
-355.33086,41.93708
-355.13086,41.93708
-354.93086,41.93708
-354.73086,41.93708
-354.53086,41.93708
-354.33086,41.93708
-354.13086,41.93708
-353.93086,41.93708
-353.73086,41.93708
-353.53086,41.93708
-353.33086,41.93708
-353.13086,41.93708
-352.93086,41.93708
-352.73086,41.93708
-352.53086,41.93708
-352.33086,41.93708
-352.13086,41.93708
-351.93086,41.93708
-351.73086,41.93708
-351.53086,41.93708
-351.33086,41.93708
-351.13086,41.93708
-350.93086,41.93708
-350.73086,41.93708
-350.53086,41.93708
-350.33086,41.93708
-350.13086,41.93708
-349.93086,41.93708
-349.73086,41.93708
-349.53086,41.93708
-349.33086,41.93708
-349.13086,41.93708
-348.93086,41.93708
-348.73086,41.93708
-348.53086,41.93708
-348.33086,41.93708
-348.13086,41.93708
-347.93086,41.93708
-347.73086,41.93708
-347.53086,41.93708
-347.33086,41.93708
-347.13086,41.93708
-346.93086,41.93708
-346.73086,41.93708
-346.53086,41.93708
-346.33086,41.93708
-346.13086,41.93708
-345.93086,41.93708
-345.73086,41.93708
-345.53086,41.93708
-345.33086,41.93708
-345.13086,41.93708
-344.93086,41.93708
-344.73086,41.93708
-344.53086,41.93708
-344.33086,41.93708
-344.13086,41.93708
-343.93086,41.93708
-343.73086,41.93708
-343.53086,41.93708
-343.33086,41.93708
-343.13086,41.93708
-342.93086,41.93708
-342.73086,41.93708
-342.53086,41.93708
-342.33086,41.93708
-342.13086,41.93708
-341.93086,41.93708
-341.73086,41.93708
-341.53086,41.93708
-341.33086,41.93708
-341.13086,41.93708
-340.93086,41.93708
-340.73086,41.93708
-340.53086,41.93708
-340.33086,41.93708
-340.13086,41.93708
-339.93086,41.93708
-339.73086,41.93708
-339.53086,41.93708
-339.33086,41.93708
-339.13086,41.93708
-338.93086,41.93708
-338.73086,41.93708
-338.53086,41.93708
-338.33086,41.93708
-338.13086,41.93708
-337.93086,41.93708
-337.73086,41.93708
-337.53086,41.93708
-337.33086,41.93708
-337.13086,41.93708
-336.93086,41.93708
-336.73086,41.93708
-336.53086,41.93708
-336.33086,41.93708
-336.13086,41.93708
-335.93086,41.93708
-335.73086,41.93708
-335.53086,41.93708
-335.33086,41.93708
-335.13086,41.93708
-334.93086,41.93708
-334.73086,41.93708
-334.53086,41.93708
-334.33086,41.93708
-334.13086,41.93708
-333.93086,41.93708
-333.73086,41.93708
-333.53086,41.93708
-333.33086,41.93708
-333.13086,41.93708
-332.93086,41.93708
-332.73086,41.93708
-332.53086,41.93708
-332.33086,41.93708
-332.13086,41.93708
-331.93086,41.93708
-331.73086,41.93708
-331.53086,41.93708
-331.33086,41.93708
-331.13086,41.93708
-330.93086,41.93708
-330.73086,41.93708
-330.53086,41.93708
-330.33086,41.93708
-330.13086,41.93708
-329.93086,41.93708
-329.73086,41.93708
-329.53086,41.93708
-329.33086,41.93708
-329.13086,41.93708
-328.93086,41.93708
-328.73086,41.93708
-328.53086,41.93708
-328.33086,41.93708
-328.13086,41.93708
-327.93086,41.93708
-327.73086,41.93708
-327.53086,41.93708
-327.33086,41.93708
-327.13086,41.93708
-326.93086,41.93708
-326.73086,41.93708
-326.53086,41.93708
-326.33086,41.93708
-326.13086,41.93708
-325.93086,41.93708
-325.73086,41.93708
-325.53086,41.93708
-325.33086,41.93708
-325.13086,41.93708
-324.93086,41.93708
-324.73086,41.93708
-324.53086,41.93708
-324.33086,41.93708
-324.13086,41.93708
-323.93086,41.93708
-323.73086,41.93708
-323.53086,41.93708
-323.33086,41.93708
-323.13086,41.93708
-322.93086,41.93708
-322.73086,41.93708
-322.53086,41.93708
-322.33086,41.93708
-322.13086,41.93708
-321.93086,41.93708
-321.73086,41.93708
-321.53086,41.93708
-321.33086,41.93708
-321.13086,41.93708
-320.93086,41.93708
-320.73086,41.93708
-320.53086,41.93708
-320.33086,41.93708
-320.13086,41.93708
-319.93086,41.93708
-319.73086,41.93708
-319.53086,41.93708
-319.33086,41.93708
-319.13086,41.93708
-318.93086,41.93708
-318.73086,41.93708
-318.53086,41.93708
-318.33086,41.93708
-318.13086,41.93708
-317.93086,41.93708
-317.73086,41.93708
-317.53086,41.93708
-317.33086,41.93708
-317.13086,41.93708
-316.93086,41.93708
-316.73086,41.93708
-316.53086,41.93708
-316.33086,41.93708
-316.13086,41.93708
-315.93086,41.93708
-315.73086,41.93708
-315.53086,41.93708
-315.33086,41.93708
-315.13086,41.93708
-314.93086,41.93708
-314.73086,41.93708
-314.53086,41.93708
-314.33086,41.93708
-314.13086,41.93708
-313.93086,41.93708
-313.73086,41.93708
-313.53086,41.93708
-313.33086,41.93708
-313.13086,41.93708
-312.93086,41.93708
-312.73086,41.93708
-312.53086,41.93708
-312.33086,41.93708
-312.13086,41.93708
-311.93086,41.93708
-311.73086,41.93708
-311.53086,41.93708
-311.33086,41.93708
-311.13086,41.93708
-310.93086,41.93708
-310.73086,41.93708
-310.53086,41.93708
-310.33086,41.93708
-310.13086,41.93708
-309.93086,41.93708
-309.73086,41.93708
-309.53086,41.93708
-309.33086,41.93708
-309.13086,41.93708
-308.93086,41.93708
-308.73086,41.93708
-308.53086,41.93708
-308.33086,41.93708
-308.13086,41.93708
-307.93086,41.93708
-307.73086,41.93708
-307.53086,41.93708
-307.33086,41.93708
-307.13086,41.93708
-306.93086,41.93708
-306.73086,41.93708
-306.53086,41.93708
-306.33086,41.93708
-306.13086,41.93708
-305.93086,41.93708
-305.73086,41.93708
-305.53086,41.93708
-305.33086,41.93708
-305.13086,41.93708
-304.93086,41.93708
-304.73086,41.93708
-304.53086,41.93708
-304.33086,41.93708
-304.13086,41.93708
-303.93086,41.93708
-303.73086,41.93708
-303.53086,41.93708
-303.33086,41.93708
-303.13086,41.93708
-302.93086,41.93708
-302.73086,41.93708
-302.53086,41.93708
-302.33086,41.93708
-302.13086,41.93708
-301.93086,41.93708
-301.73086,41.93708
-301.53086,41.93708
-301.33086,41.93708
-301.13086,41.93708
-300.93086,41.93708
-300.73086,41.93708
-300.53086,41.93708
-300.33086,41.93708
-300.13086,41.93708
-299.93086,41.93708
-299.73086,41.93708
-299.53086,41.93708
-299.33086,41.93708
-299.13086,41.93708
-298.93086,41.93708
-298.73086,41.93708
-298.53086,41.93708
-298.33086,41.93708
-298.13086,41.93708
-297.93086,41.93708
-297.73086,41.93708
-297.53086,41.93708
-297.33086,41.93708
-297.13086,41.93708
-296.93086,41.93708
-296.73086,41.93708
-296.53086,41.93708
-296.33086,41.93708
-296.13086,41.93708
-295.93086,41.93708
-295.73086,41.93708
-295.53086,41.93708
-295.33086,41.93708
-295.13086,41.93708
-294.93086,41.93708
-294.73086,41.93708
-294.53086,41.93708
-294.33086,41.93708
-294.13086,41.93708
-293.93086,41.93708
-293.73086,41.93708
-293.53086,41.93708
-293.33086,41.93708
-293.13086,41.93708
-292.93086,41.93708
-292.73086,41.93708
-292.53086,41.93708
-292.33086,41.93708
-292.13086,41.93708
-291.93086,41.93708
-291.73086,41.93708
-291.53086,41.93708
-291.33086,41.93708
-291.13086,41.93708
-290.93086,41.93708
-290.73086,41.93708
-290.53086,41.93708
-290.33086,41.93708
-290.13086,41.93708
-289.93086,41.93708
-289.73086,41.93708
-289.53086,41.93708
-289.33086,41.93708
-289.13086,41.93708
-288.93086,41.93708
-288.73086,41.93708
-288.53086,41.93708
-288.33086,41.93708
-288.13086,41.93708
-287.93086,41.93708
-287.73086,41.93708
-287.53086,41.93708
-287.33086,41.93708
-287.13086,41.93708
-286.93086,41.93708
-286.73086,41.93708
-286.53086,41.93708
-286.33086,41.93708
-286.13086,41.93708
-285.93086,41.93708
-285.73086,41.93708
-285.53086,41.93708
-285.33086,41.93708
-285.13086,41.93708
-284.93086,41.93708
-284.73086,41.93708
-284.53086,41.93708
-284.33086,41.93708
-284.13086,41.93708
-283.93086,41.93708
-283.73086,41.93708
-283.53086,41.93708
-283.33086,41.93708
-283.13086,41.93708
-282.93086,41.93708
-282.73086,41.93708
-282.53086,41.93708
-282.33086,41.93708
-282.13086,41.93708
-281.93086,41.93708
-281.73086,41.93708
-281.53086,41.93708
-281.33086,41.93708
-281.13086,41.93708
-280.93086,41.93708
-280.73086,41.93708
-280.53086,41.93708
-280.33086,41.93708
-280.13086,41.93708
-279.93086,41.93708
-279.73086,41.93708
-279.53086,41.93708
-279.33086,41.93708
-279.13086,41.93708
-278.93086,41.93708
-278.73086,41.93708
-278.53086,41.93708
-278.33086,41.93708
-278.13086,41.93708
-277.93086,41.93708
-277.73086,41.93708
-277.53086,41.93708
-277.33086,41.93708
-277.13086,41.93708
-276.93086,41.93708
-276.73086,41.93708
-276.53086,41.93708
-276.33086,41.93708
-276.13086,41.93708
-275.93086,41.93708
-275.73086,41.93708
-275.53086,41.93708
-275.33086,41.93708
-275.13086,41.93708
-274.93086,41.93708
-274.73086,41.93708
-274.53086,41.93708
-274.33086,41.93708
-274.13086,41.93708
-273.93086,41.93708
-273.73086,41.93708
-273.53086,41.93708
-273.33086,41.93708
-273.13086,41.93708
-272.93086,41.93708
-272.73086,41.93708
-272.53086,41.93708
-272.33086,41.93708
-272.13086,41.93708
-271.93086,41.93708
-271.73086,41.93708
-271.53086,41.93708
-271.33086,41.93708
-271.13086,41.93708
-270.93086,41.93708
-270.73086,41.93708
-270.53086,41.93708
-270.33086,41.93708
-270.13086,41.93708
-269.93086,41.93708
-269.73086,41.93708
-269.53086,41.93708
-269.33086,41.93708
-269.13086,41.93708
-268.93086,41.93708
-268.73086,41.93708
-268.53086,41.93708
-268.33086,41.93708
-268.13086,41.93708
-267.93086,41.93708
-267.73086,41.93708
-267.53086,41.93708
-267.33086,41.93708
-267.13086,41.93708
-266.93086,41.93708
-266.73086,41.93708
-266.53086,41.93708
-266.33086,41.93708
-266.13086,41.93708
-265.93086,41.93708
-265.73086,41.93708
-265.53086,41.93708
-265.33086,41.93708
-265.13086,41.93708
-264.93086,41.93708
-264.73086,41.93708
-264.53086,41.93708
-264.33086,41.93708
-264.13086,41.93708
-263.93086,41.93708
-263.73086,41.93708
-263.53086,41.93708
-263.33086,41.93708
-263.13086,41.93708
-262.93086,41.93708
-262.73086,41.93708
-262.53086,41.93708
-262.33086,41.93708
-262.13086,41.93708
-261.93086,41.93708
-261.73086,41.93708
-261.53086,41.93708
-261.33086,41.93708
-261.13086,41.93708
-260.93086,41.93708
-260.73086,41.93708
-260.53086,41.93708
-260.33086,41.93708
-260.13086,41.93708
-259.93086,41.93708
-259.73086,41.93708
-259.53086,41.93708
-259.33086,41.93708
-259.13086,41.93708
-258.93086,41.93708
-258.73086,41.93708
-258.53086,41.93708
-258.33086,41.93708
-258.13086,41.93708
-257.93086,41.93708
-257.73086,41.93708
-257.53086,41.93708
-257.33086,41.93708
-257.13086,41.93708
-256.93086,41.93708
-256.73086,41.93708
-256.53086,41.93708
-256.33086,41.93708
-256.13086,41.93708
-255.93086,41.93708
-255.73086,41.93708
-255.53086,41.93708
-255.33086,41.93708
-255.13086,41.93708
-254.93086,41.93708
-254.73086,41.93708
-254.53086,41.93708
-254.33086,41.93708
-254.13086,41.93708
-253.93086,41.93708
-253.73086,41.93708
-253.53086,41.93708
-253.33086,41.93708
-253.13086,41.93708
-252.93086,41.93708
-252.73086,41.93708
-252.53086,41.93708
-252.33086,41.93708
-252.13086,41.93708
-251.93086,41.93708
-251.73086,41.93708
-251.53086,41.93708
-251.33086,41.93708
-251.13086,41.93708
-250.93086,41.93708
-250.73086,41.93708
-250.53086,41.93708
-250.33086,41.93708
-250.13086,41.93708
-249.93086,41.93708
-249.73086,41.93708
-249.53086,41.93708
-249.33086,41.93708
-249.13086,41.93708
-248.93086,41.93708
-248.73086,41.93708
-248.53086,41.93708
-248.33086,41.93708
-248.13086,41.93708
-247.93086,41.93708
-247.73086,41.93708
-247.53086,41.93708
-247.33086,41.93708
-247.13086,41.93708
-246.93086,41.93708
-246.73086,41.93708
-246.53086,41.93708
-246.33086,41.93708
-246.13086,41.93708
-245.93086,41.93708
-245.73086,41.93708
-245.53086,41.93708
-245.33086,41.93708
-245.13086,41.93708
-244.93086,41.93708
-244.73086,41.93708
-244.53086,41.93708
-244.33086,41.93708
-244.13086,41.93708
-243.93086,41.93708
-243.73086,41.93708
-243.53086,41.93708
-243.33086,41.93708
-243.13086,41.93708
-242.93086,41.93708
-242.73086,41.93708
-242.53086,41.93708
-242.33086,41.93708
-242.13086,41.93708
-241.93086,41.93708
-241.73086,41.93708
-241.53086,41.93708
-241.33086,41.93708
-241.13086,41.93708
-240.93086,41.93708
-240.73086,41.93708
-240.53086,41.93708
-240.33086,41.93708
-240.13086,41.93708
-239.93086,41.93708
-239.73086,41.93708
-239.53086,41.93708
-239.33086,41.93708
-239.13086,41.93708
-238.93086,41.93708
-238.73086,41.93708
-238.53086,41.93708
-238.33086,41.93708
-238.13086,41.93708
-237.93086,41.93708
-237.73086,41.93708
-237.53086,41.93708
-237.33086,41.93708
-237.13086,41.93708
-236.93086,41.93708
-236.73086,41.93708
-236.53086,41.93708
-236.33086,41.93708
-236.13086,41.93708
-235.93086,41.93708
-235.73086,41.93708
-235.53086,41.93708
-235.33086,41.93708
-235.13086,41.93708
-234.93086,41.93708
-234.73086,41.93708
-234.53086,41.93708
-234.33086,41.93708
-234.13086,41.93708
-233.93086,41.93708
-233.73086,41.93708
-233.53086,41.93708
-233.33086,41.93708
-233.13086,41.93708
-232.93086,41.93708
-232.73086,41.93708
-232.53086,41.93708
-232.33086,41.93708
-232.13086,41.93708
-231.93086,41.93708
-231.73086,41.93708
-231.53086,41.93708
-231.33086,41.93708
-231.13086,41.93708
-230.93086,41.93708
-230.73086,41.93708
-230.53086,41.93708
-230.33086,41.93708
-230.13086,41.93708
-229.93086,41.93708
-229.73086,41.93708
-229.53086,41.93708
-229.33086,41.93708
-229.13086,41.93708
-228.93086,41.93708
-228.73086,41.93708
-228.53086,41.93708
-228.33086,41.93708
-228.13086,41.93708
-227.93086,41.93708
-227.73086,41.93708
-227.53086,41.93708
-227.33086,41.93708
-227.13086,41.93708
-226.93086,41.93708
-226.73086,41.93708
-226.53086,41.93708
-226.33086,41.93708
-226.13086,41.93708
-225.93086,41.93708
-225.73086,41.93708
-225.53086,41.93708
-225.33086,41.93708
-225.13086,41.93708
-224.93086,41.93708
-224.73086,41.93708
-224.53086,41.93708
-224.33086,41.93708
-224.13086,41.93708
-223.93086,41.93708
-223.73086,41.93708
-223.53086,41.93708
-223.33086,41.93708
-223.13086,41.93708
-222.93086,41.93708
-222.73086,41.93708
-222.53086,41.93708
-222.33086,41.93708
-222.13086,41.93708
-221.93086,41.93708
-221.73086,41.93708
-221.53086,41.93708
-221.33086,41.93708
-221.13086,41.93708
-220.93086,41.93708
-220.73086,41.93708
-220.53086,41.93708
-220.33086,41.93708
-220.13086,41.93708
-219.93086,41.93708
-219.73086,41.93708
-219.53086,41.93708
-219.33086,41.93708
-219.13086,41.93708
-218.93086,41.93708
-218.73086,41.93708
-218.53086,41.93708
-218.33086,41.93708
-218.13086,41.93708
-217.93086,41.93708
-217.73086,41.93708
-217.53086,41.93708
-217.33086,41.93708
-217.13086,41.93708
-216.93086,41.93708
-216.73086,41.93708
-216.53086,41.93708
-216.33086,41.93708
-216.13086,41.93708
-215.93086,41.93708
-215.73086,41.93708
-215.53086,41.93708
-215.33086,41.93708
-215.13086,41.93708
-214.93086,41.93708
-214.73086,41.93708
-214.53086,41.93708
-214.33086,41.93708
-214.13086,41.93708
-213.93086,41.93708
-213.73086,41.93708
-213.53086,41.93708
-213.33086,41.93708
-213.13086,41.93708
-212.93086,41.93708
-212.73086,41.93708
-212.53086,41.93708
-212.33086,41.93708
-212.13086,41.93708
-211.93086,41.93708
-211.73086,41.93708
-211.53086,41.93708
-211.33086,41.93708
-211.13086,41.93708
-210.93086,41.93708
-210.73086,41.93708
-210.53086,41.93708
-210.33086,41.93708
-210.13086,41.93708
-209.93086,41.93708
-209.73086,41.93708
-209.53086,41.93708
-209.33086,41.93708
-209.13086,41.93708
-208.93086,41.93708
-208.73086,41.93708
-208.53086,41.93708
-208.33086,41.93708
-208.13086,41.93708
-207.93086,41.93708
-207.73086,41.93708
-207.53086,41.93708
-207.33086,41.93708
-207.13086,41.93708
-206.93086,41.93708
-206.73086,41.93708
-206.53086,41.93708
-206.33086,41.93708
-206.13086,41.93708
-205.93086,41.93708
-205.73086,41.93708
-205.53086,41.93708
-205.33086,41.93708
-205.13086,41.93708
-204.93086,41.93708
-204.73086,41.93708
-204.53086,41.93708
-204.33086,41.93708
-204.13086,41.93708
-203.93086,41.93708
-203.73086,41.93708
-203.53086,41.93708
-203.33086,41.93708
-203.13086,41.93708
-202.93086,41.93708
-202.73086,41.93708
-202.53086,41.93708
-202.33086,41.93708
-202.13086,41.93708
-201.93086,41.93708
-201.73086,41.93708
-201.53086,41.93708
-201.33086,41.93708
-201.13086,41.93708
-200.93086,41.93708
-200.73086,41.93708
-200.53086,41.93708
-200.33086,41.93708
-200.13086,41.93708
-199.93086,41.93708
-199.73086,41.93708
-199.53086,41.93708
-199.33086,41.93708
-199.13086,41.93708
-198.93086,41.93708
-198.73086,41.93708
-198.53086,41.93708
-198.33086,41.93708
-198.13086,41.93708
-197.93086,41.93708
-197.73086,41.93708
-197.53086,41.93708
-197.33086,41.93708
-197.13086,41.93708
-196.93086,41.93708
-196.73086,41.93708
-196.53086,41.93708
-196.33086,41.93708
-196.13086,41.93708
-195.93086,41.93708
-195.73086,41.93708
-195.53086,41.93708
-195.33086,41.93708
-195.13086,41.93708
-194.93086,41.93708
-194.73086,41.93708
-194.53086,41.93708
-194.33086,41.93708
-194.13086,41.93708
-193.93086,41.93708
-193.73086,41.93708
-193.53086,41.93708
-193.33086,41.93708
-193.13086,41.93708
-192.93086,41.93708
-192.73086,41.93708
-192.53086,41.93708
-192.33086,41.93708
-192.13086,41.93708
-191.93086,41.93708
-191.73086,41.93708
-191.53086,41.93708
-191.33086,41.93708
-191.13086,41.93708
-190.93086,41.93708
-190.73086,41.93708
-190.53086,41.93708
-190.33086,41.93708
-190.13086,41.93708
-189.93086,41.93708
-189.73086,41.93708
-189.53086,41.93708
-189.33086,41.93708
-189.13086,41.93708
-188.93086,41.93708
-188.73086,41.93708
-188.53086,41.93708
-188.33086,41.93708
-188.13086,41.93708
-187.93086,41.93708
-187.73086,41.93708
-187.53086,41.93708
-187.33086,41.93708
-187.13086,41.93708
-186.93086,41.93708
-186.73086,41.93708
-186.53086,41.93708
-186.33086,41.93708
-186.13086,41.93708
-185.93086,41.93708
-185.73086,41.93708
-185.53086,41.93708
-185.33086,41.93708
-185.13086,41.93708
-184.93086,41.93708
-184.73086,41.93708
-184.53086,41.93708
-184.33086,41.93708
-184.13086,41.93708
-183.93086,41.93708
-183.73086,41.93708
-183.53086,41.93708
-183.33086,41.93708
-183.13086,41.93708
-182.93086,41.93708
-182.73086,41.93708
-182.53086,41.93708
-182.33086,41.93708
-182.13086,41.93708
-181.93086,41.93708
-181.73086,41.93708
-181.53086,41.93708
-181.33086,41.93708
-181.13086,41.93708
-180.93086,41.93708
-180.73086,41.93708
-180.53086,41.93708
-180.33086,41.93708
-180.13086,41.93708
-179.93086,41.93708
-179.73086,41.93708
-179.53086,41.93708
-179.33086,41.93708
-179.13086,41.93708
-178.93086,41.93708
-178.73086,41.93708
-178.53086,41.93708
-178.33086,41.93708
-178.13086,41.93708
-177.93086,41.93708
-177.73086,41.93708
-177.53086,41.93708
-177.33086,41.93708
-177.13086,41.93708
-176.93086,41.93708
-176.73086,41.93708
-176.53086,41.93708
-176.33086,41.93708
-176.13086,41.93708
-175.93086,41.93708
-175.73086,41.93708
-175.53086,41.93708
-175.33086,41.93708
-175.13086,41.93708
-174.93086,41.93708
-174.73086,41.93708
-174.53086,41.93708
-174.33086,41.93708
-174.13086,41.93708
-173.93086,41.93708
-173.73086,41.93708
-173.53086,41.93708
-173.33086,41.93708
-173.13086,41.93708
-172.93086,41.93708
-172.73086,41.93708
-172.53086,41.93708
-172.33086,41.93708
-172.13086,41.93708
-171.93086,41.93708
-171.73086,41.93708
-171.53086,41.93708
-171.33086,41.93708
-171.13086,41.93708
-170.93086,41.93708
-170.73086,41.93708
-170.53086,41.93708
-170.33086,41.93708
-170.13086,41.93708
-169.93086,41.93708
-169.73086,41.93708
-169.53086,41.93708
-169.33086,41.93708
-169.13086,41.93708
-168.93086,41.93708
-168.73086,41.93708
-168.53086,41.93708
-168.33086,41.93708
-168.13086,41.93708
-167.93086,41.93708
-167.73086,41.93708
-167.53086,41.93708
-167.33086,41.93708
-167.13086,41.93708
-166.93086,41.93708
-166.73086,41.93708
-166.53086,41.93708
-166.33086,41.93708
-166.13086,41.93708
-165.93086,41.93708
-165.73086,41.93708
-165.53086,41.93708
-165.33086,41.93708
-165.13086,41.93708
-164.93086,41.93708
-164.73086,41.93708
-164.53086,41.93708
-164.33086,41.93708
-164.13086,41.93708
-163.93086,41.93708
-163.73086,41.93708
-163.53086,41.93708
-163.33086,41.93708
-163.13086,41.93708
-162.93086,41.93708
-162.73086,41.93708
-162.53086,41.93708
-162.33086,41.93708
-162.13086,41.93708
-161.93086,41.93708
-161.73086,41.93708
-161.53086,41.93708
-161.33086,41.93708
-161.13086,41.93708
-160.93086,41.93708
-160.73086,41.93708
-160.53086,41.93708
-160.33086,41.93708
-160.13086,41.93708
-159.93086,41.93708
-159.73086,41.93708
-159.53086,41.93708
-159.33086,41.93708
-159.13086,41.93708
-158.93086,41.93708
-158.73086,41.93708
-158.53086,41.93708
-158.33086,41.93708
-158.13086,41.93708
-157.93086,41.93708
-157.73086,41.93708
-157.53086,41.93708
-157.33086,41.93708
-157.13086,41.93708
-156.93086,41.93708
-156.73086,41.93708
-156.53086,41.93708
-156.33086,41.93708
-156.13086,41.93708
-155.93086,41.93708
-155.73086,41.93708
-155.53086,41.93708
-155.33086,41.93708
-155.13086,41.93708
-154.93086,41.93708
-154.73086,41.93708
-154.53086,41.93708
-154.33086,41.93708
-154.13086,41.93708
-153.93086,41.93708
-153.73086,41.93708
-153.53086,41.93708
-153.33086,41.93708
-153.13086,41.93708
-152.93086,41.93708
-152.73086,41.93708
-152.53086,41.93708
-152.33086,41.93708
-152.13086,41.93708
-151.93086,41.93708
-151.73086,41.93708
-151.53086,41.93708
-151.33086,41.93708
-151.13086,41.93708
-150.93086,41.93708
-150.73086,41.93708
-150.53086,41.93708
-150.33086,41.93708
-150.13086,41.93708
-149.93086,41.93708
-149.73086,41.93708
-149.53086,41.93708
-149.33086,41.93708
-149.13086,41.93708
-148.93086,41.93708
-148.73086,41.93708
-148.53086,41.93708
-148.33086,41.93708
-148.13086,41.93708
-147.93086,41.93708
-147.73086,41.93708
-147.53086,41.93708
-147.33086,41.93708
-147.13086,41.93708
-146.93086,41.93708
-146.73086,41.93708
-146.53086,41.93708
-146.33086,41.93708
-146.13086,41.93708
-145.93086,41.93708
-145.73086,41.93708
-145.53086,41.93708
-145.33086,41.93708
-145.13086,41.93708
-144.93086,41.93708
-144.73086,41.93708
-144.53086,41.93708
-144.33086,41.93708
-144.13086,41.93708
-143.93086,41.93708
-143.73086,41.93708
-143.53086,41.93708
-143.33086,41.93708
-143.13086,41.93708
-142.93086,41.93708
-142.73086,41.93708
-142.53086,41.93708
-142.33086,41.93708
-142.13086,41.93708
-141.93086,41.93708
-141.73086,41.93708
-141.53086,41.93708
-141.33086,41.93708
-141.13086,41.93708
-140.93086,41.93708
-140.73086,41.93708
-140.53086,41.93708
-140.33086,41.93708
-140.13086,41.93708
-139.93086,41.93708
-139.73086,41.93708
-139.53086,41.93708
-139.33086,41.93708
-139.13086,41.93708
-138.93086,41.93708
-138.73086,41.93708
-138.53086,41.93708
-138.33086,41.93708
-138.13086,41.93708
-137.93086,41.93708
-137.73086,41.93708
-137.53086,41.93708
-137.33086,41.93708
-137.13086,41.93708
-136.93086,41.93708
-136.73086,41.93708
-136.53086,41.93708
-136.33086,41.93708
-136.13086,41.93708
-135.93086,41.93708
-135.73086,41.93708
-135.53086,41.93708
-135.33086,41.93708
-135.13086,41.93708
-134.93086,41.93708
-134.73086,41.93708
-134.53086,41.93708
-134.33086,41.93708
-134.13086,41.93708
-133.93086,41.93708
-133.73086,41.93708
-133.53086,41.93708
-133.33086,41.93708
-133.13086,41.93708
-132.93086,41.93708
-132.73086,41.93708
-132.53086,41.93708
-132.33086,41.93708
-132.13086,41.93708
-131.93086,41.93708
-131.73086,41.93708
-131.53086,41.93708
-131.33086,41.93708
-131.13086,41.93708
-130.93086,41.93708
-130.73086,41.93708
-130.53086,41.93708
-130.33086,41.93708
-130.13086,41.93708
-129.93086,41.93708
-129.73086,41.93708
-129.53086,41.93708
-129.33086,41.93708
-129.13086,41.93708
-128.93086,41.93708
-128.73086,41.93708
-128.53086,41.93708
-128.33086,41.93708
-128.13086,41.93708
-127.93086,41.93708
-127.73086,41.93708
-127.53086,41.93708
-127.33086,41.93708
-127.13086,41.93708
-126.93086,41.93708
-126.73086,41.93708
-126.53086,41.93708
-126.33086,41.93708
-126.13086,41.93708
-125.93086,41.93708
-125.73086,41.93708
-125.53086,41.93708
-125.33086,41.93708
-125.13086,41.93708
-124.93086,41.93708
-124.73086,41.93708
-124.53086,41.93708
-124.33086,41.93708
-124.13086,41.93708
-123.93086,41.93708
-123.73086,41.93708
-123.53086,41.93708
-123.33086,41.93708
-123.13086,41.93708
-122.93086,41.93708
-122.73086,41.93708
-122.53086,41.93708
-122.33086,41.93708
-122.13086,41.93708
-121.93086,41.93708
-121.73086,41.93708
-121.53086,41.93708
-121.33086,41.93708
-121.13086,41.93708
-120.93086,41.93708
-120.73086,41.93708
-120.53086,41.93708
-120.33086,41.93708
-120.13086,41.93708
-119.93086,41.93708
-119.73086,41.93708
-119.53086,41.93708
-119.33086,41.93708
-119.13086,41.93708
-118.93086,41.93708
-118.73086,41.93708
-118.53086,41.93708
-118.33086,41.93708
-118.13086,41.93708
-117.93086,41.93708
-117.73086,41.93708
-117.53086,41.93708
-117.33086,41.93708
-117.13086,41.93708
-116.93086,41.93708
-116.73086,41.93708
-116.53086,41.93708
-116.33086,41.93708
-116.13086,41.93708
-115.93086,41.93708
-115.73086,41.93708
-115.53086,41.93708
-115.33086,41.93708
-115.13086,41.93708
-114.93086,41.93708
-114.73086,41.93708
-114.53086,41.93708
-114.33086,41.93708
-114.13086,41.93708
-113.93086,41.93708
-113.73086,41.93708
-113.53086,41.93708
-113.33086,41.93708
-113.13086,41.93708
-112.93086,41.93708
-112.73086,41.93708
-112.53086,41.93708
-112.33086,41.93708
-112.13086,41.93708
-111.93086,41.93708
-111.73086,41.93708
-111.53086,41.93708
-111.33086,41.93708
-111.13086,41.93708
-110.93086,41.93708
-110.73086,41.93708
-110.53086,41.93708
-110.33086,41.93708
-110.13086,41.93708
-109.93086,41.93708
-109.73086,41.93708
-109.53086,41.93708
-109.33086,41.93708
-109.13086,41.93708
-108.93086,41.93708
-108.73086,41.93708
-108.53086,41.93708
-108.33086,41.93708
-108.13086,41.93708
-107.93086,41.93708
-107.73086,41.93708
-107.53086,41.93708
-107.33086,41.93708
-107.13086,41.93708
-106.93086,41.93708
-106.73086,41.93708
-106.53086,41.93708
-106.33086,41.93708
-106.13086,41.93708
-105.93086,41.93708
-105.73086,41.93708
-105.53086,41.93708
-105.33086,41.93708
-105.13086,41.93708
-104.93086,41.93708
-104.73086,41.93708
-104.53086,41.93708
-104.33086,41.93708
-104.13086,41.93708
-103.93086,41.93708
-103.73086,41.93708
-103.53086,41.93708
-103.33086,41.93708
-103.13086,41.93708
-102.93086,41.93708
-102.73086,41.93708
-102.53086,41.93708
-102.33086,41.93708
-102.13086,41.93708
-101.93086,41.93708
-101.73086,41.93708
-101.53086,41.93708
-101.33086,41.93708
-101.13086,41.93708
-100.93086,41.93708
-100.73086,41.93708
-100.53086,41.93708
-100.33086,41.93708
-100.13086,41.93708
-99.93086,41.93708
-99.73086,41.93708
-99.53086,41.93708
-99.33086,41.93708
-99.13086,41.93708
-98.93086,41.93708
-98.73086,41.93708
-98.53086,41.93708
-98.33086,41.93708
-98.13086,41.93708
-97.93086,41.93708
-97.73086,41.93708
-97.53086,41.93708
-97.33086,41.93708
-97.13086,41.93708
-96.93086,41.93708
-96.73086,41.93708
-96.53086,41.93708
-96.33086,41.93708
-96.13086,41.93708
-95.93086,41.93708
-95.73086,41.93708
-95.53086,41.93708
-95.33086,41.93708
-95.13086,41.93708
-94.93086,41.93708
-94.73086,41.93708
-94.53086,41.93708
-94.33086,41.93708
-94.13086,41.93708
-93.93086,41.93708
-93.73086,41.93708
-93.53086,41.93708
-93.33086,41.93708
-93.13086,41.93708
-92.93086,41.93708
-92.73086,41.93708
-92.53086,41.93708
-92.33086,41.93708
-92.13086,41.93708
-91.93086,41.93708
-91.73086,41.93708
-91.53086,41.93708
-91.33086,41.93708
-91.13086,41.93708
-90.93086,41.93708
-90.73086,41.93708
-90.53086,41.93708
-90.33086,41.93708
-90.13086,41.93708
-89.93086,41.93708
-89.73086,41.93708
-89.53086,41.93708
-89.33086,41.93708
-89.13086,41.93708
-88.93086,41.93708
-88.73086,41.93708
-88.53086,41.93708
-88.33086,41.93708
-88.13086,41.93708
-87.93086,41.93708
-87.73086,41.93708
-87.53086,41.93708
-87.33086,41.93708
-87.13086,41.93708
-86.93086,41.93708
-86.73086,41.93708
-86.53086,41.93708
-86.33086,41.93708
-86.13086,41.93708
-85.93086,41.93708
-85.73086,41.93708
-85.53086,41.93708
-85.33086,41.93708
-85.13086,41.93708
-84.93086,41.93708
-84.73086,41.93708
-84.53086,41.93708
-84.33086,41.93708
-84.13086,41.93708
-83.93086,41.93708
-83.73086,41.93708
-83.53086,41.93708
-83.33086,41.93708
-83.13086,41.93708
-82.93086,41.93708
-82.73086,41.93708
-82.53086,41.93708
-82.33086,41.93708
-82.13086,41.93708
-81.93086,41.93708
-81.73086,41.93708
-81.53086,41.93708
-81.33086,41.93708
-81.13086,41.93708
-80.93086,41.93708
-80.73086,41.93708
-80.53086,41.93708
-80.33086,41.93708
-80.13086,41.93708
-79.93086,41.93708
-79.73086,41.93708
-79.53086,41.93708
-79.33086,41.93708
-79.13086,41.93708
-78.93086,41.93708
-78.73086,41.93708
-78.53086,41.93708
-78.33086,41.93708
-78.13086,41.93708
-77.93086,41.93708
-77.73086,41.93708
-77.53086,41.93708
-77.33086,41.93708
-77.13086,41.93708
-76.93086,41.93708
-76.73086,41.93708
-76.53086,41.93708
-76.33086,41.93708
-76.13086,41.93708
-75.93086,41.93708
-75.73086,41.93708
-75.53086,41.93708
-75.33086,41.93708
-75.13086,41.93708
-74.93086,41.93708
-74.73086,41.93708
-74.53086,41.93708
-74.33086,41.93708
-74.13086,41.93708
-73.93086,41.93708
-73.73086,41.93708
-73.53086,41.93708
-73.33086,41.93708
-73.13086,41.93708
-72.93086,41.93708
-72.73086,41.93708
-72.53086,41.93708
-72.33086,41.93708
-72.13086,41.93708
-71.93086,41.93708
-71.73086,41.93708
-71.53086,41.93708
-71.33086,41.93708
-71.13086,41.93708
-70.93086,41.93708
-70.73086,41.93708
-70.53086,41.93708
-70.33086,41.93708
-70.13086,41.93708
-69.93086,41.93708
-69.73086,41.93708
-69.53086,41.93708
-69.33086,41.93708
-69.13086,41.93708
-68.93086,41.93708
-68.73086,41.93708
-68.53086,41.93708
-68.33086,41.93708
-68.13086,41.93708
-67.93086,41.93708
-67.73086,41.93708
-67.53086,41.93708
-67.33086,41.93708
-67.13086,41.93708
-66.93086,41.93708
-66.73086,41.93708
-66.53086,41.93708
-66.33086,41.93708
-66.13086,41.93708
-65.93086,41.93708
-65.73086,41.93708
-65.53086,41.93708
-65.33086,41.93708
-65.13086,41.93708
-64.93086,41.93708
-64.73086,41.93708
-64.53086,41.93708
-64.33086,41.93708
-64.13086,41.93708
-63.93086,41.93708
-63.73086,41.93708
-63.53086,41.93708
-63.33086,41.93708
-63.13086,41.93708
-62.93086,41.93708
-62.73086,41.93708
-62.53086,41.93708
-62.33086,41.93708
-62.13086,41.93708
-61.93086,41.93708
-61.73086,41.93708
-61.53086,41.93708
-61.33086,41.93708
-61.13086,41.93708
-60.93086,41.93708
-60.73086,41.93708
-60.53086,41.93708
-60.33086,41.93708
-60.13086,41.93708
-59.93086,41.93708
-59.73086,41.93708
-59.53086,41.93708
-59.33086,41.93708
-59.13086,41.93708
-58.93086,41.93708
-58.73086,41.93708
-58.53086,41.93708
-58.33086,41.93708
-58.13086,41.93708
-57.93086,41.93708
-57.73086,41.93708
-57.53086,41.93708
-57.33086,41.93708
-57.13086,41.93708
-56.93086,41.93708
-56.73086,41.93708
-56.53086,41.93708
-56.33086,41.93708
-56.13086,41.93708
-55.93086,41.93708
-55.73086,41.93708
-55.53086,41.93708
-55.33086,41.93708
-55.13086,41.93708
-54.93086,41.93708
-54.73086,41.93708
-54.53086,41.93708
-54.33086,41.93708
-54.13086,41.93708
-53.93086,41.93708
-53.73086,41.93708
-53.53086,41.93708
-53.33086,41.93708
-53.13086,41.93708
-52.93086,41.93708
-52.73086,41.93708
-52.53086,41.93708
-52.33086,41.93708
-52.13086,41.93708
-51.93086,41.93708
-51.73086,41.93708
-51.53086,41.93708
-51.33086,41.93708
-51.13086,41.93708
-50.93086,41.93708
-50.73086,41.93708
-50.53086,41.93708
-50.33086,41.93708
-50.13086,41.93708
-49.93086,41.93708
-49.73086,41.93708
-49.53086,41.93708
-49.33086,41.93708
-49.13086,41.93708
-48.93086,41.93708
-48.73086,41.93708
-48.53086,41.93708
-48.33086,41.93708
-48.13086,41.93708
-47.93086,41.93708
-47.73086,41.93708
-47.53086,41.93708
-47.33086,41.93708
-47.13086,41.93708
-46.93086,41.93707
-46.73086,41.93639
-46.53086,41.93476
-46.33086,41.93216
-46.13086,41.92859
-45.93086,41.92406
-45.73086,41.91857
-45.53086,41.91211
-45.33086,41.90468
-45.13086,41.89629
-44.93086,41.88693
-44.73086,41.87660
-44.53086,41.86530
-44.33086,41.85304
-44.13086,41.83980
-43.93086,41.82559
-43.73086,41.81041
-43.53086,41.79426
-43.33086,41.77713
-43.13086,41.75903
-42.93086,41.73995
-42.73086,41.71989
-42.53086,41.69885
-42.33086,41.67683
-42.13086,41.65383
-41.93086,41.62985
-41.73086,41.60487
-41.53086,41.57891
-41.33086,41.55196
-41.13086,41.52402
-40.93086,41.49509
-40.73086,41.46516
-40.53086,41.43423
-40.33086,41.40230
-40.13086,41.36937
-39.93086,41.33543
-39.73086,41.30048
-39.53086,41.26453
-39.33086,41.22756
-39.13086,41.18958
-38.93086,41.15057
-38.73086,41.11055
-38.53086,41.06950
-38.33086,41.02743
-38.13086,40.98432
-37.93086,40.94018
-37.73086,40.89501
-37.53086,40.84879
-37.33086,40.80153
-37.13086,40.75322
-36.93086,40.70385
-36.73086,40.65343
-36.53086,40.60196
-36.33086,40.54942
-36.13086,40.49581
-35.93086,40.44112
-35.73086,40.38536
-35.53086,40.32852
-35.33086,40.27060
-35.13086,40.21158
-34.93086,40.15147
-34.73086,40.09026
-34.53086,40.02794
-34.33086,39.96451
-34.13086,39.89997
-33.93086,39.83430
-33.73086,39.76751
-33.53086,39.69958
-33.33086,39.63052
-33.13086,39.56030
-32.93086,39.48894
-32.73086,39.41642
-32.53086,39.34274
-32.33086,39.26789
-32.13086,39.19186
-31.93086,39.11464
-31.73086,39.03624
-31.53086,38.95663
-31.33086,38.87582
-31.13086,38.79379
-30.93086,38.71055
-30.73086,38.62607
-30.53086,38.54036
-30.33086,38.45340
-30.13086,38.36518
-29.93086,38.27570
-29.73086,38.18495
-29.53086,38.09292
-29.33086,37.99960
-29.13086,37.90497
-28.93086,37.80904
-28.73086,37.71178
-28.53086,37.61320
-28.33086,37.51327
-28.13086,37.41199
-27.93086,37.30934
-27.73086,37.20532
-27.53086,37.09991
-27.33086,36.99311
-27.13086,36.88489
-26.93086,36.77525
-26.73086,36.66417
-26.53086,36.55164
-26.33086,36.43765
-26.13086,36.32237
-25.93086,36.20690
-25.73086,36.09143
-25.53086,35.97596
-25.33086,35.86049
-25.13086,35.74502
-24.93086,35.62955
-24.73086,35.51408
-24.53086,35.39861
-24.33086,35.28314
-24.13086,35.16767
-23.93086,35.05220
-23.73086,34.93673
-23.53086,34.82126
-23.33086,34.70579
-23.13086,34.59032
-22.93086,34.47485
-22.73086,34.35938
-22.53086,34.24391
-22.33086,34.12844
-22.13086,34.01297
-21.93086,33.89750
-21.73086,33.78203
-21.53086,33.66656
-21.33086,33.55109
-21.13086,33.43562
-20.93086,33.32015
-20.73086,33.20468
-20.53086,33.09001
-20.33086,32.97681
-20.13086,32.86507
-19.93086,32.75478
-19.73086,32.64591
-19.53086,32.53846
-19.33086,32.43241
-19.13086,32.32775
-18.93086,32.22448
-18.73086,32.12258
-18.53086,32.02203
-18.33086,31.92283
-18.13086,31.82496
-17.93086,31.72842
-17.73086,31.63320
-17.53086,31.53928
-17.33086,31.44666
-17.13086,31.35532
-16.93086,31.26526
-16.73086,31.17647
-16.53086,31.08893
-16.33086,31.00265
-16.13086,30.91761
-15.93086,30.83380
-15.73086,30.75121
-15.53086,30.66985
-15.33086,30.58969
-15.13086,30.51073
-14.93086,30.43297
-14.73086,30.35640
-14.53086,30.28101
-14.33086,30.20679
-14.13086,30.13374
-13.93086,30.06185
-13.73086,29.99111
-13.53086,29.92152
-13.33086,29.85307
-13.13086,29.78576
-12.93086,29.71958
-12.73086,29.65452
-12.53086,29.59058
-12.33086,29.52775
-12.13086,29.46603
-11.93086,29.40542
-11.73086,29.34590
-11.53086,29.28747
-11.33086,29.23014
-11.13086,29.17388
-10.93086,29.11871
-10.73086,29.06461
-10.53086,29.01158
-10.33086,28.95961
-10.13086,28.90871
-9.93086,28.85886
-9.73086,28.81007
-9.53086,28.76233
-9.33086,28.71563
-9.13086,28.66998
-8.93086,28.62536
-8.73086,28.58178
-8.53086,28.53924
-8.33086,28.49772
-8.13086,28.45723
-7.93086,28.41776
-7.73086,28.37931
-7.53086,28.34187
-7.33086,28.30545
-7.13086,28.27005
-6.93086,28.23565
-6.73086,28.20225
-6.53086,28.16987
-6.33086,28.13848
-6.13086,28.10809
-5.93086,28.07870
-5.73086,28.05030
-5.53086,28.02290
-5.33086,27.99648
-5.13086,27.97106
-4.93086,27.94662
-4.73086,27.92317
-4.53086,27.90070
-4.33086,27.87921
-4.13086,27.85870
-3.93086,27.83917
-3.73086,27.82062
-3.53086,27.80305
-3.33086,27.78645
-3.13086,27.77082
-2.93086,27.75617
-2.73086,27.74249
-2.53086,27.72978
-2.33086,27.71804
-2.13086,27.70726
-1.93086,27.69746
-1.73086,27.68862
-1.53086,27.68075
-1.33086,27.67385
-1.13086,27.66791
-0.93086,27.66294
-0.73086,27.65893
-0.53086,27.65589
-0.33086,27.65381
-0.13086,27.65270
0.06914,27.65272
0.26914,27.65592
0.46914,27.66292
0.66914,27.67371
0.86914,27.68831
1.06914,27.70674
1.26914,27.72901
1.46914,27.75516
1.66914,27.78520
1.86914,27.81918
2.06914,27.85713
2.26914,27.89909
2.46914,27.94513
2.66914,27.99528
2.86914,28.04961
3.06914,28.10819
3.26914,28.17110
3.46914,28.23840
3.66914,28.31021
3.86914,28.38660
4.06914,28.46770
4.26914,28.55362
4.46914,28.64448
4.66914,28.74044
4.86914,28.84165
5.06914,28.94827
5.26914,29.06050
5.46914,29.17586
5.66914,29.29101
5.86914,29.40593
6.06914,29.52062
6.26914,29.63509
6.46914,29.74934
6.66914,29.86336
6.86914,29.97716
7.06914,30.09074
7.26914,30.20409
7.46914,30.31723
7.66914,30.43015
7.86914,30.54284
8.06914,30.65532
8.26914,30.76758
8.46914,30.87962
8.66914,30.99144
8.86914,31.10305
9.06914,31.21444
9.26914,31.32562
9.46914,31.43658
9.66914,31.54733
9.86914,31.65786
10.06914,31.76818
10.26914,31.87829
10.46914,31.98818
10.66914,32.09786
10.86914,32.20734
11.06914,32.31660
11.26914,32.42565
11.46914,32.53450
11.66914,32.64313
11.86914,32.75156
12.06914,32.85978
12.26914,32.96779
12.46914,33.07560
12.66914,33.18319
12.86914,33.29059
13.06914,33.39778
13.26914,33.50476
13.46914,33.61154
13.66914,33.71812
13.86914,33.82450
14.06914,33.93067
14.26914,34.03664
14.46914,34.14241
14.66914,34.24798
14.86914,34.35335
15.06914,34.45852
15.26914,34.56348
15.46914,34.66826
15.66914,34.77283
15.86914,34.87720
16.06914,34.98138
16.26914,35.08536
16.46914,35.18915
16.66914,35.29274
16.86914,35.39613
17.06914,35.49933
17.26914,35.60234
17.46914,35.70515
17.66914,35.80776
17.86914,35.91019
18.06914,36.01242
18.26914,36.11446
18.46914,36.21631
18.66914,36.31797
18.86914,36.41944
19.06914,36.52072
19.26914,36.62181
19.46914,36.72271
19.66914,36.82342
19.86914,36.92394
20.06914,37.02428
20.26914,37.12443
20.46914,37.22439
20.66914,37.32416
20.86914,37.42375
21.06914,37.52316
21.26914,37.62238
21.46914,37.72141
21.66914,37.82026
21.86914,37.91893
22.06914,38.01742
22.26914,38.11572
22.46914,38.21384
22.66914,38.31177
22.86914,38.40953
23.06914,38.50710
23.26914,38.60450
23.46914,38.70171
23.66914,38.79875
23.86914,38.89560
24.06914,38.99228
24.26914,39.08878
24.46914,39.18510
24.66914,39.28124
24.86914,39.37721
25.06914,39.47300
25.26914,39.56861
25.46914,39.66405
25.66914,39.75931
25.86914,39.85439
26.06914,39.94931
26.26914,40.04404
26.46914,40.13861
26.66914,40.23300
26.86914,40.32721
27.06914,40.42126
27.26914,40.51513
27.46914,40.60883
27.66914,40.70236
27.86914,40.79572
28.06914,40.88890
28.26914,40.98192
28.46914,41.07477
28.66914,41.16744
28.86914,41.25995
29.06914,41.35229
29.26914,41.44446
29.46914,41.53647
29.66914,41.62830
29.86914,41.71997
30.06914,41.81147
30.26914,41.90281
30.46914,41.99398
30.66914,42.08498
30.86914,42.17582
31.06914,42.26649
31.26914,42.35700
31.46914,42.44734
31.66914,42.53752
31.86914,42.62754
32.06914,42.71739
32.26914,42.80709
32.46914,42.89661
32.66914,42.98598
32.86914,43.07519
33.06914,43.16423
33.26914,43.25311
33.46914,43.34183
33.66914,43.43040
33.86914,43.51880
34.06914,43.60704
34.26914,43.69512
34.46914,43.78305
34.66914,43.87081
34.86914,43.95842
35.06914,44.04587
35.26914,44.13316
35.46914,44.22030
35.66914,44.30727
35.86914,44.39410
36.06914,44.48076
36.26914,44.56727
36.46914,44.65363
36.66914,44.73983
36.86914,44.82587
37.06914,44.91176
37.26914,44.99750
37.46914,45.08308
37.66914,45.16851
37.86914,45.25378
38.06914,45.33891
38.26914,45.42388
38.46914,45.50869
38.66914,45.59336
38.86914,45.67788
39.06914,45.76224
39.26914,45.84645
39.46914,45.93051
39.66914,46.01443
39.86914,46.09819
40.06914,46.18180
40.26914,46.26526
40.46914,46.34858
40.66914,46.43174
40.86914,46.51476
41.06914,46.59763
41.26914,46.68035
41.46914,46.76293
41.66914,46.84535
41.86914,46.92763
42.06914,47.00977
42.26914,47.09175
42.46914,47.17359
42.66914,47.25529
42.86914,47.33684
43.06914,47.41825
43.26914,47.49951
43.46914,47.58062
43.66914,47.66160
43.86914,47.74242
44.06914,47.82311
44.26914,47.90365
44.46914,47.98405
44.66914,48.06431
44.86914,48.14442
45.06914,48.22439
45.26914,48.30422
45.46914,48.38391
45.66914,48.46346
45.86914,48.54286
46.06914,48.62213
46.26914,48.70125
46.46914,48.78024
46.66914,48.85908
46.86914,48.93779
47.06914,49.01636
47.26914,49.09478
47.46914,49.17307
47.66914,49.25122
47.86914,49.32924
48.06914,49.40711
48.26914,49.48485
48.46914,49.56245
48.66914,49.63991
48.86914,49.71724
49.06914,49.79443
49.26914,49.87148
49.46914,49.94840
49.66914,50.02518
49.86914,50.10183
50.06914,50.17834
50.26914,50.25471
50.46914,50.33095
50.66914,50.40706
50.86914,50.48303
51.06914,50.55887
51.26914,50.63458
51.46914,50.71015
51.66914,50.78559
51.86914,50.86090
52.06914,50.93607
52.26914,51.01111
52.46914,51.08602
52.66914,51.16080
52.86914,51.23545
53.06914,51.30996
53.26914,51.38435
53.46914,51.45860
53.66914,51.53272
53.86914,51.60672
54.06914,51.68058
54.26914,51.75431
54.46914,51.82791
54.66914,51.90139
54.86914,51.97473
55.06914,52.04795
55.26914,52.12104
55.46914,52.19400
55.66914,52.26683
55.86914,52.33953
56.06914,52.41211
56.26914,52.48456
56.46914,52.55688
56.66914,52.62907
56.86914,52.70114
57.06914,52.77308
57.26914,52.84490
57.46914,52.91659
57.66914,52.98815
57.86914,53.05959
58.06914,53.13091
58.26914,53.20210
58.46914,53.27316
58.66914,53.34410
58.86914,53.41491
59.06914,53.48560
59.26914,53.55617
59.46914,53.62662
59.66914,53.69694
59.86914,53.76713
60.06914,53.83721
60.26914,53.90716
60.46914,53.97699
60.66914,54.04670
60.86914,54.11628
61.06914,54.18575
61.26914,54.25509
61.46914,54.32431
61.66914,54.39341
61.86914,54.46239
62.06914,54.53124
62.26914,54.59998
62.46914,54.66860
62.66914,54.73710
62.86914,54.80547
63.06914,54.87373
63.26914,54.94187
63.46914,55.00989
63.66914,55.07779
63.86914,55.14557
64.06914,55.21324
64.26914,55.28078
64.46914,55.34821
64.66914,55.41552
64.86914,55.48271
65.06914,55.54978
65.26914,55.61674
65.46914,55.68358
65.66914,55.75030
65.86914,55.81691
66.06914,55.88340
66.26914,55.94977
66.46914,56.01603
66.66914,56.08217
66.86914,56.14820
67.06914,56.21411
67.26914,56.27991
67.46914,56.34559
67.66914,56.41116
67.86914,56.47661
68.06914,56.54195
68.26914,56.60717
68.46914,56.67228
68.66914,56.73727
68.86914,56.80216
69.06914,56.86693
69.26914,56.93158
69.46914,56.99612
69.66914,57.06055
69.86914,57.12487
70.06914,57.18908
70.26914,57.25317
70.46914,57.31715
70.66914,57.38102
70.86914,57.44478
71.06914,57.50842
71.26914,57.57196
71.46914,57.63538
71.66914,57.69869
71.86914,57.76190
72.06914,57.82499
72.26914,57.88797
72.46914,57.95084
72.66914,58.01360
72.86914,58.07626
73.06914,58.13880
73.26914,58.20123
73.46914,58.26356
73.66914,58.32577
73.86914,58.38788
74.06914,58.44988
74.26914,58.51177
74.46914,58.57355
74.66914,58.63522
74.86914,58.69679
75.06914,58.75824
75.26914,58.81959
75.46914,58.88084
75.66914,58.94197
75.86914,59.00300
76.06914,59.06392
76.26914,59.12474
76.46914,59.18545
76.66914,59.24605
76.86914,59.30655
77.06914,59.36694
77.26914,59.42722
77.46914,59.48740
77.66914,59.54748
77.86914,59.60745
78.06914,59.66731
78.26914,59.72707
78.46914,59.78673
78.66914,59.84628
78.86914,59.90572
79.06914,59.96507
79.26914,60.02430
79.46914,60.08344
79.66914,60.14247
79.86914,60.20140
80.06914,60.26022
80.26914,60.31894
80.46914,60.37756
80.66914,60.43608
80.86914,60.49449
81.06914,60.55280
81.26914,60.61101
81.46914,60.66911
81.66914,60.72712
81.86914,60.78502
82.06914,60.84282
82.26914,60.90052
82.46914,60.95812
82.66914,61.01561
82.86914,61.07301
83.06914,61.13030
83.26914,61.18750
83.46914,61.24459
83.66914,61.30159
83.86914,61.35848
84.06914,61.41527
84.26914,61.47197
84.46914,61.52856
84.66914,61.58506
84.86914,61.64145
85.06914,61.69775
85.26914,61.75394
85.46914,61.81004
85.66914,61.86604
85.86914,61.92194
86.06914,61.97775
86.26914,62.03345
86.46914,62.08906
86.66914,62.14457
86.86914,62.19998
87.06914,62.25529
87.26914,62.31051
87.46914,62.36562
87.66914,62.42065
87.86914,62.47557
88.06914,62.53040
88.26914,62.58513
88.46914,62.63976
88.66914,62.69430
88.86914,62.74874
89.06914,62.80309
89.26914,62.85734
89.46914,62.91149
89.66914,62.96555
89.86914,63.01951
90.06914,63.07338
90.26914,63.12715
90.46914,63.18083
90.66914,63.23441
90.86914,63.28790
91.06914,63.34129
91.26914,63.39459
91.46914,63.44779
91.66914,63.50090
91.86914,63.55392
92.06914,63.60684
92.26914,63.65967
92.46914,63.71240
92.66914,63.76505
92.86914,63.81759
93.06914,63.87005
93.26914,63.92241
93.46914,63.97468
93.66914,64.02686
93.86914,64.07894
94.06914,64.13093
94.26914,64.18283
94.46914,64.23464
94.66914,64.28635
94.86914,64.33797
95.06914,64.38950
95.26914,64.44094
95.46914,64.49229
95.66914,64.54355
95.86914,64.59471
96.06914,64.64579
96.26914,64.69677
96.46914,64.74767
96.66914,64.79847
96.86914,64.84918
97.06914,64.89980
97.26914,64.95033
97.46914,65.00077
97.66914,65.05112
97.86914,65.10139
98.06914,65.15156
98.26914,65.20164
98.46914,65.25163
98.66914,65.30153
98.86914,65.35135
99.06914,65.40107
99.26914,65.45071
99.46914,65.50026
99.66914,65.54972
99.86914,65.59909
100.06914,65.64837
100.26914,65.69756
100.46914,65.74667
100.66914,65.79569
100.86914,65.84461
101.06914,65.89346
101.26914,65.94221
101.46914,65.99088
101.66914,66.03946
101.86914,66.08795
102.06914,66.13636
102.26914,66.18467
102.46914,66.23291
102.66914,66.28105
102.86914,66.32911
103.06914,66.37708
103.26914,66.42497
103.46914,66.47277
103.66914,66.52048
103.86914,66.56811
104.06914,66.61565
104.26914,66.66310
104.46914,66.71047
104.66914,66.75776
104.86914,66.80496
105.06914,66.85207
105.26914,66.89910
105.46914,66.94605
105.66914,66.99291
105.86914,67.03968
106.06914,67.08637
106.26914,67.13298
106.46914,67.17950
106.66914,67.22594
106.86914,67.27229
107.06914,67.31856
107.26914,67.36474
107.46914,67.41084
107.66914,67.45686
107.86914,67.50280
108.06914,67.54865
108.26914,67.59442
108.46914,67.64010
108.66914,67.68570
108.86914,67.73122
109.06914,67.77666
109.26914,67.82201
109.46914,67.86728
109.66914,67.91247
109.86914,67.95757
110.06914,68.00260
110.26914,68.04754
110.46914,68.09240
110.66914,68.13718
110.86914,68.18187
111.06914,68.22649
111.26914,68.27102
111.46914,68.31547
111.66914,68.35984
111.86914,68.40413
112.06914,68.44834
112.26914,68.49246
112.46914,68.53651
112.66914,68.58048
112.86914,68.62436
113.06914,68.66816
113.26914,68.71189
113.46914,68.75553
113.66914,68.79910
113.86914,68.84258
114.06914,68.88598
114.26914,68.92931
114.46914,68.97255
114.66914,69.01571
114.86914,69.05880
115.06914,69.10180
115.26914,69.14473
115.46914,69.18758
115.66914,69.23034
115.86914,69.27303
116.06914,69.31564
116.26914,69.35818
116.46914,69.40063
116.66914,69.44300
116.86914,69.48530
117.06914,69.52751
117.26914,69.56965
117.46914,69.61172
117.66914,69.65370
117.86914,69.69560
118.06914,69.73743
118.26914,69.77918
118.46914,69.82085
118.66914,69.86245
118.86914,69.90396
119.06914,69.94540
119.26914,69.98677
119.46914,70.02805
119.66914,70.06926
119.86914,70.11039
120.06914,70.15145
120.26914,70.19243
120.46914,70.23333
120.66914,70.27416
120.86914,70.31491
121.06914,70.35558
121.26914,70.39618
121.46914,70.43670
121.66914,70.47714
121.86914,70.51751
122.06914,70.55781
122.26914,70.59802
122.46914,70.63817
122.66914,70.67823
122.86914,70.71823
123.06914,70.75814
123.26914,70.79798
123.46914,70.83775
123.66914,70.87744
123.86914,70.91706
124.06914,70.95660
124.26914,70.99607
124.46914,71.03546
124.66914,71.07478
124.86914,71.11402
125.06914,71.15319
125.26914,71.19229
125.46914,71.23131
125.66914,71.27026
125.86914,71.30913
126.06914,71.34793
126.26914,71.38666
126.46914,71.42531
126.66914,71.46389
126.86914,71.50240
127.06914,71.54083
127.26914,71.57919
127.46914,71.61748
127.66914,71.65569
127.86914,71.69383
128.06914,71.73190
128.26914,71.76990
128.46914,71.80782
128.66914,71.84567
128.86914,71.88345
129.06914,71.92115
129.26914,71.95879
129.46914,71.99635
129.66914,72.03384
129.86914,72.07126
130.06914,72.10860
130.26914,72.14588
130.46914,72.18308
130.66914,72.22021
130.86914,72.25727
131.06914,72.29426
131.26914,72.33117
131.46914,72.36802
131.66914,72.40479
131.86914,72.44149
132.06914,72.47813
132.26914,72.51469
132.46914,72.55118
132.66914,72.58760
132.86914,72.62395
133.06914,72.66023
133.26914,72.69644
133.46914,72.73257
133.66914,72.76864
133.86914,72.80464
134.06914,72.84057
134.26914,72.87643
134.46914,72.91221
134.66914,72.94793
134.86914,72.98358
135.06914,73.01916
135.26914,73.05467
135.46914,73.09011
135.66914,73.12548
135.86914,73.16078
