x_mm,r_mm
-388.02280,226.68216
-387.82280,226.68216
-387.62280,226.68216
-387.42280,226.68216
-387.22280,226.68216
-387.02280,226.68216
-386.82280,226.68216
-386.62280,226.68216
-386.42280,226.68216
-386.22280,226.68216
-386.02280,226.68216
-385.82280,226.68216
-385.62280,226.68216
-385.42280,226.68216
-385.22280,226.68216
-385.02280,226.68216
-384.82280,226.68216
-384.62280,226.68216
-384.42280,226.68216
-384.22280,226.68216
-384.02280,226.68216
-383.82280,226.68216
-383.62280,226.68216
-383.42280,226.68216
-383.22280,226.68216
-383.02280,226.68216
-382.82280,226.68216
-382.62280,226.68216
-382.42280,226.68216
-382.22280,226.68216
-382.02280,226.68216
-381.82280,226.68216
-381.62280,226.68216
-381.42280,226.68216
-381.22280,226.68216
-381.02280,226.68216
-380.82280,226.68216
-380.62280,226.68216
-380.42280,226.68216
-380.22280,226.68216
-380.02280,226.68216
-379.82280,226.68216
-379.62280,226.68216
-379.42280,226.68216
-379.22280,226.68216
-379.02280,226.68216
-378.82280,226.68216
-378.62280,226.68216
-378.42280,226.68216
-378.22280,226.68216
-378.02280,226.68216
-377.82280,226.68216
-377.62280,226.68216
-377.42280,226.68216
-377.22280,226.68216
-377.02280,226.68216
-376.82280,226.68216
-376.62280,226.68216
-376.42280,226.68216
-376.22280,226.68216
-376.02280,226.68216
-375.82280,226.68216
-375.62280,226.68216
-375.42280,226.68216
-375.22280,226.68216
-375.02280,226.68216
-374.82280,226.68216
-374.62280,226.68216
-374.42280,226.68216
-374.22280,226.68216
-374.02280,226.68216
-373.82280,226.68216
-373.62280,226.68216
-373.42280,226.68216
-373.22280,226.68216
-373.02280,226.68216
-372.82280,226.68216
-372.62280,226.68216
-372.42280,226.68216
-372.22280,226.68216
-372.02280,226.68216
-371.82280,226.68216
-371.62280,226.68216
-371.42280,226.68216
-371.22280,226.68216
-371.02280,226.68216
-370.82280,226.68216
-370.62280,226.68216
-370.42280,226.68216
-370.22280,226.68216
-370.02280,226.68216
-369.82280,226.68216
-369.62280,226.68216
-369.42280,226.68216
-369.22280,226.68216
-369.02280,226.68216
-368.82280,226.68216
-368.62280,226.68216
-368.42280,226.68216
-368.22280,226.68216
-368.02280,226.68216
-367.82280,226.68216
-367.62280,226.68216
-367.42280,226.68216
-367.22280,226.68216
-367.02280,226.68216
-366.82280,226.68216
-366.62280,226.68216
-366.42280,226.68216
-366.22280,226.68216
-366.02280,226.68216
-365.82280,226.68216
-365.62280,226.68216
-365.42280,226.68216
-365.22280,226.68216
-365.02280,226.68216
-364.82280,226.68216
-364.62280,226.68216
-364.42280,226.68216
-364.22280,226.68216
-364.02280,226.68216
-363.82280,226.68216
-363.62280,226.68216
-363.42280,226.68216
-363.22280,226.68216
-363.02280,226.68216
-362.82280,226.68216
-362.62280,226.68216
-362.42280,226.68216
-362.22280,226.68216
-362.02280,226.68216
-361.82280,226.68216
-361.62280,226.68216
-361.42280,226.68216
-361.22280,226.68216
-361.02280,226.68216
-360.82280,226.68216
-360.62280,226.68216
-360.42280,226.68216
-360.22280,226.68216
-360.02280,226.68216
-359.82280,226.68216
-359.62280,226.68216
-359.42280,226.68216
-359.22280,226.68216
-359.02280,226.68216
-358.82280,226.68216
-358.62280,226.68216
-358.42280,226.68216
-358.22280,226.68216
-358.02280,226.68216
-357.82280,226.68216
-357.62280,226.68216
-357.42280,226.68216
-357.22280,226.68216
-357.02280,226.68216
-356.82280,226.68216
-356.62280,226.68216
-356.42280,226.68216
-356.22280,226.68216
-356.02280,226.68216
-355.82280,226.68216
-355.62280,226.68216
-355.42280,226.68216
-355.22280,226.68216
-355.02280,226.68216
-354.82280,226.68216
-354.62280,226.68216
-354.42280,226.68216
-354.22280,226.68216
-354.02280,226.68216
-353.82280,226.68216
-353.62280,226.68216
-353.42280,226.68216
-353.22280,226.68216
-353.02280,226.68216
-352.82280,226.68216
-352.62280,226.68216
-352.42280,226.68216
-352.22280,226.68216
-352.02280,226.68216
-351.82280,226.68216
-351.62280,226.68216
-351.42280,226.68216
-351.22280,226.68216
-351.02280,226.68216
-350.82280,226.68216
-350.62280,226.68216
-350.42280,226.68216
-350.22280,226.68216
-350.02280,226.68216
-349.82280,226.68216
-349.62280,226.68216
-349.42280,226.68216
-349.22280,226.68216
-349.02280,226.68216
-348.82280,226.68216
-348.62280,226.68216
-348.42280,226.68216
-348.22280,226.68216
-348.02280,226.68216
-347.82280,226.68216
-347.62280,226.68216
-347.42280,226.68216
-347.22280,226.68216
-347.02280,226.68216
-346.82280,226.68216
-346.62280,226.68216
-346.42280,226.68216
-346.22280,226.68216
-346.02280,226.68216
-345.82280,226.68216
-345.62280,226.68216
-345.42280,226.68216
-345.22280,226.68216
-345.02280,226.68216
-344.82280,226.68216
-344.62280,226.68216
-344.42280,226.68216
-344.22280,226.68216
-344.02280,226.68216
-343.82280,226.68216
-343.62280,226.68216
-343.42280,226.68216
-343.22280,226.68216
-343.02280,226.68216
-342.82280,226.68216
-342.62280,226.68216
-342.42280,226.68216
-342.22280,226.68216
-342.02280,226.68216
-341.82280,226.68216
-341.62280,226.68216
-341.42280,226.68216
-341.22280,226.68216
-341.02280,226.68216
-340.82280,226.68216
-340.62280,226.68216
-340.42280,226.68216
-340.22280,226.68216
-340.02280,226.68216
-339.82280,226.68216
-339.62280,226.68216
-339.42280,226.68216
-339.22280,226.68216
-339.02280,226.68216
-338.82280,226.68216
-338.62280,226.68216
-338.42280,226.68216
-338.22280,226.68216
-338.02280,226.68216
-337.82280,226.68216
-337.62280,226.68216
-337.42280,226.68216
-337.22280,226.68216
-337.02280,226.68216
-336.82280,226.68216
-336.62280,226.68216
-336.42280,226.68216
-336.22280,226.68216
-336.02280,226.68216
-335.82280,226.68216
-335.62280,226.68216
-335.42280,226.68216
-335.22280,226.68216
-335.02280,226.68216
-334.82280,226.68216
-334.62280,226.68216
-334.42280,226.68216
-334.22280,226.68216
-334.02280,226.68216
-333.82280,226.68216
-333.62280,226.68216
-333.42280,226.68216
-333.22280,226.68216
-333.02280,226.68216
-332.82280,226.68216
-332.62280,226.68216
-332.42280,226.68216
-332.22280,226.68216
-332.02280,226.68216
-331.82280,226.68216
-331.62280,226.68216
-331.42280,226.68216
-331.22280,226.68216
-331.02280,226.68216
-330.82280,226.68216
-330.62280,226.68216
-330.42280,226.68216
-330.22280,226.68216
-330.02280,226.68216
-329.82280,226.68216
-329.62280,226.68216
-329.42280,226.68216
-329.22280,226.68216
-329.02280,226.68216
-328.82280,226.68216
-328.62280,226.68216
-328.42280,226.68216
-328.22280,226.68216
-328.02280,226.68216
-327.82280,226.68216
-327.62280,226.68216
-327.42280,226.68216
-327.22280,226.68216
-327.02280,226.68216
-326.82280,226.68216
-326.62280,226.68216
-326.42280,226.68216
-326.22280,226.68216
-326.02280,226.68216
-325.82280,226.68216
-325.62280,226.68216
-325.42280,226.68216
-325.22280,226.68216
-325.02280,226.68216
-324.82280,226.68216
-324.62280,226.68216
-324.42280,226.68216
-324.22280,226.68216
-324.02280,226.68216
-323.82280,226.68216
-323.62280,226.68216
-323.42280,226.68216
-323.22280,226.68216
-323.02280,226.68216
-322.82280,226.68216
-322.62280,226.68216
-322.42280,226.68216
-322.22280,226.68216
-322.02280,226.68216
-321.82280,226.68216
-321.62280,226.68216
-321.42280,226.68216
-321.22280,226.68216
-321.02280,226.68216
-320.82280,226.68216
-320.62280,226.68216
-320.42280,226.68216
-320.22280,226.68216
-320.02280,226.68216
-319.82280,226.68216
-319.62280,226.68216
-319.42280,226.68216
-319.22280,226.68216
-319.02280,226.68216
-318.82280,226.68216
-318.62280,226.68216
-318.42280,226.68216
-318.22280,226.68216
-318.02280,226.68216
-317.82280,226.68216
-317.62280,226.68216
-317.42280,226.68216
-317.22280,226.68216
-317.02280,226.68216
-316.82280,226.68216
-316.62280,226.68216
-316.42280,226.68216
-316.22280,226.68216
-316.02280,226.68216
-315.82280,226.68216
-315.62280,226.68216
-315.42280,226.68216
-315.22280,226.68216
-315.02280,226.68216
-314.82280,226.68216
-314.62280,226.68216
-314.42280,226.68216
-314.22280,226.68216
-314.02280,226.68216
-313.82280,226.68216
-313.62280,226.68216
-313.42280,226.68216
-313.22280,226.68216
-313.02280,226.68216
-312.82280,226.68216
-312.62280,226.68216
-312.42280,226.68216
-312.22280,226.68216
-312.02280,226.68216
-311.82280,226.68216
-311.62280,226.68216
-311.42280,226.68216
-311.22280,226.68216
-311.02280,226.68216
-310.82280,226.68216
-310.62280,226.68216
-310.42280,226.68216
-310.22280,226.68216
-310.02280,226.68216
-309.82280,226.68216
-309.62280,226.68216
-309.42280,226.68216
-309.22280,226.68216
-309.02280,226.68216
-308.82280,226.68216
-308.62280,226.68216
-308.42280,226.68216
-308.22280,226.68216
-308.02280,226.68216
-307.82280,226.68216
-307.62280,226.68216
-307.42280,226.68216
-307.22280,226.68216
-307.02280,226.68216
-306.82280,226.68216
-306.62280,226.68216
-306.42280,226.68216
-306.22280,226.68216
-306.02280,226.68216
-305.82280,226.68216
-305.62280,226.68216
-305.42280,226.68216
-305.22280,226.68216
-305.02280,226.68216
-304.82280,226.68216
-304.62280,226.68216
-304.42280,226.68216
-304.22280,226.68216
-304.02280,226.68216
-303.82280,226.68216
-303.62280,226.68216
-303.42280,226.68216
-303.22280,226.68216
-303.02280,226.68216
-302.82280,226.68216
-302.62280,226.68216
-302.42280,226.68216
-302.22280,226.68216
-302.02280,226.68216
-301.82280,226.68216
-301.62280,226.68216
-301.42280,226.68216
-301.22280,226.68216
-301.02280,226.68216
-300.82280,226.68216
-300.62280,226.68216
-300.42280,226.68216
-300.22280,226.68216
-300.02280,226.68216
-299.82280,226.68216
-299.62280,226.68216
-299.42280,226.68216
-299.22280,226.68216
-299.02280,226.68216
-298.82280,226.68216
-298.62280,226.68216
-298.42280,226.68216
-298.22280,226.68216
-298.02280,226.68216
-297.82280,226.68216
-297.62280,226.68216
-297.42280,226.68216
-297.22280,226.68216
-297.02280,226.68216
-296.82280,226.68216
-296.62280,226.68216
-296.42280,226.68216
-296.22280,226.68216
-296.02280,226.68216
-295.82280,226.68216
-295.62280,226.68216
-295.42280,226.68216
-295.22280,226.68216
-295.02280,226.68216
-294.82280,226.68216
-294.62280,226.68216
-294.42280,226.68216
-294.22280,226.68216
-294.02280,226.68216
-293.82280,226.68216
-293.62280,226.68216
-293.42280,226.68216
-293.22280,226.68216
-293.02280,226.68216
-292.82280,226.68216
-292.62280,226.68216
-292.42280,226.68216
-292.22280,226.68216
-292.02280,226.68216
-291.82280,226.68216
-291.62280,226.68216
-291.42280,226.68216
-291.22280,226.68216
-291.02280,226.68216
-290.82280,226.68216
-290.62280,226.68216
-290.42280,226.68216
-290.22280,226.68216
-290.02280,226.68216
-289.82280,226.68216
-289.62280,226.68216
-289.42280,226.68216
-289.22280,226.68216
-289.02280,226.68216
-288.82280,226.68216
-288.62280,226.68216
-288.42280,226.68216
-288.22280,226.68216
-288.02280,226.68216
-287.82280,226.68216
-287.62280,226.68216
-287.42280,226.68216
-287.22280,226.68216
-287.02280,226.68216
-286.82280,226.68216
-286.62280,226.68216
-286.42280,226.68216
-286.22280,226.68216
-286.02280,226.68216
-285.82280,226.68216
-285.62280,226.68216
-285.42280,226.68216
-285.22280,226.68216
-285.02280,226.68216
-284.82280,226.68216
-284.62280,226.68216
-284.42280,226.68216
-284.22280,226.68216
-284.02280,226.68216
-283.82280,226.68216
-283.62280,226.68216
-283.42280,226.68216
-283.22280,226.68216
-283.02280,226.68216
-282.82280,226.68216
-282.62280,226.68216
-282.42280,226.68216
-282.22280,226.68216
-282.02280,226.68216
-281.82280,226.68216
-281.62280,226.68216
-281.42280,226.68216
-281.22280,226.68216
-281.02280,226.68216
-280.82280,226.68216
-280.62280,226.68216
-280.42280,226.68216
-280.22280,226.68216
-280.02280,226.68216
-279.82280,226.68216
-279.62280,226.68216
-279.42280,226.68216
-279.22280,226.68216
-279.02280,226.68216
-278.82280,226.68216
-278.62280,226.68216
-278.42280,226.68216
-278.22280,226.68216
-278.02280,226.68216
-277.82280,226.68216
-277.62280,226.68216
-277.42280,226.68216
-277.22280,226.68216
-277.02280,226.68216
-276.82280,226.68216
-276.62280,226.68216
-276.42280,226.68216
-276.22280,226.68216
-276.02280,226.68216
-275.82280,226.68216
-275.62280,226.68216
-275.42280,226.68216
-275.22280,226.68216
-275.02280,226.68216
-274.82280,226.68216
-274.62280,226.68216
-274.42280,226.68216
-274.22280,226.68216
-274.02280,226.68216
-273.82280,226.68216
-273.62280,226.68216
-273.42280,226.68216
-273.22280,226.68216
-273.02280,226.68216
-272.82280,226.68216
-272.62280,226.68216
-272.42280,226.68216
-272.22280,226.68216
-272.02280,226.68216
-271.82280,226.68216
-271.62280,226.68216
-271.42280,226.68216
-271.22280,226.68216
-271.02280,226.68216
-270.82280,226.68216
-270.62280,226.68216
-270.42280,226.68216
-270.22280,226.68216
-270.02280,226.68216
-269.82280,226.68216
-269.62280,226.68216
-269.42280,226.68216
-269.22280,226.68216
-269.02280,226.68216
-268.82280,226.68216
-268.62280,226.68216
-268.42280,226.68216
-268.22280,226.68216
-268.02280,226.68216
-267.82280,226.68216
-267.62280,226.68216
-267.42280,226.68216
-267.22280,226.68216
-267.02280,226.68216
-266.82280,226.68216
-266.62280,226.68216
-266.42280,226.68216
-266.22280,226.68216
-266.02280,226.68216
-265.82280,226.68216
-265.62280,226.68216
-265.42280,226.68216
-265.22280,226.68216
-265.02280,226.68216
-264.82280,226.68216
-264.62280,226.68216
-264.42280,226.68216
-264.22280,226.68216
-264.02280,226.68216
-263.82280,226.68216
-263.62280,226.68216
-263.42280,226.68216
-263.22280,226.68216
-263.02280,226.68216
-262.82280,226.68216
-262.62280,226.68216
-262.42280,226.68216
-262.22280,226.68216
-262.02280,226.68216
-261.82280,226.68216
-261.62280,226.68216
-261.42280,226.68216
-261.22280,226.68216
-261.02280,226.68216
-260.82280,226.68216
-260.62280,226.68216
-260.42280,226.68216
-260.22280,226.68216
-260.02280,226.68216
-259.82280,226.68216
-259.62280,226.68216
-259.42280,226.68216
-259.22280,226.68216
-259.02280,226.68216
-258.82280,226.68216
-258.62280,226.68216
-258.42280,226.68216
-258.22280,226.68216
-258.02280,226.68216
-257.82280,226.68216
-257.62280,226.68216
-257.42280,226.68216
-257.22280,226.68216
-257.02280,226.68216
-256.82280,226.68216
-256.62280,226.68216
-256.42280,226.68216
-256.22280,226.68216
-256.02280,226.68216
-255.82280,226.68216
-255.62280,226.68216
-255.42280,226.68216
-255.22280,226.68216
-255.02280,226.68216
-254.82280,226.68216
-254.62280,226.68216
-254.42280,226.68216
-254.22280,226.68216
-254.02280,226.68216
-253.82280,226.68216
-253.62280,226.68216
-253.42280,226.68216
-253.22280,226.68216
-253.02280,226.68216
-252.82280,226.68216
-252.62280,226.68216
-252.42280,226.68216
-252.22280,226.68216
-252.02280,226.68216
-251.82280,226.68216
-251.62280,226.68216
-251.42280,226.68216
-251.22280,226.68216
-251.02280,226.68216
-250.82280,226.68216
-250.62280,226.68216
-250.42280,226.68216
-250.22280,226.68216
-250.02280,226.68216
-249.82280,226.68216
-249.62280,226.68216
-249.42280,226.68216
-249.22280,226.68216
-249.02280,226.68216
-248.82280,226.68216
-248.62280,226.68216
-248.42280,226.68216
-248.22280,226.68216
-248.02280,226.68216
-247.82280,226.68216
-247.62280,226.68216
-247.42280,226.68216
-247.22280,226.68216
-247.02280,226.68216
-246.82280,226.68216
-246.62280,226.68216
-246.42280,226.68216
-246.22280,226.68216
-246.02280,226.68216
-245.82280,226.68216
-245.62280,226.68216
-245.42280,226.68216
-245.22280,226.68216
-245.02280,226.68216
-244.82280,226.68216
-244.62280,226.68216
-244.42280,226.68216
-244.22280,226.68216
-244.02280,226.68216
-243.82280,226.68216
-243.62280,226.68216
-243.42280,226.68216
-243.22280,226.68216
-243.02280,226.68216
-242.82280,226.68216
-242.62280,226.68216
-242.42280,226.68216
-242.22280,226.68216
-242.02280,226.68216
-241.82280,226.68216
-241.62280,226.68216
-241.42280,226.68216
-241.22280,226.68216
-241.02280,226.68216
-240.82280,226.68216
-240.62280,226.68216
-240.42280,226.68216
-240.22280,226.68216
-240.02280,226.68216
-239.82280,226.68216
-239.62280,226.68216
-239.42280,226.68216
-239.22280,226.68216
-239.02280,226.68216
-238.82280,226.68180
-238.62280,226.68049
-238.42280,226.67822
-238.22280,226.67500
-238.02280,226.67081
-237.82280,226.66567
-237.62280,226.65958
-237.42280,226.65252
-237.22280,226.64451
-237.02280,226.63554
-236.82280,226.62561
-236.62280,226.61472
-236.42280,226.60287
-236.22280,226.59005
-236.02280,226.57627
-235.82280,226.56153
-235.62280,226.54583
-235.42280,226.52916
-235.22280,226.51152
-235.02280,226.49292
-234.82280,226.47334
-234.62280,226.45280
-234.42280,226.43128
-234.22280,226.40879
-234.02280,226.38532
-233.82280,226.36087
-233.62280,226.33545
-233.42280,226.30905
-233.22280,226.28166
-233.02280,226.25329
-232.82280,226.22394
-232.62280,226.19359
-232.42280,226.16226
-232.22280,226.12993
-232.02280,226.09661
-231.82280,226.06228
-231.62280,226.02696
-231.42280,225.99064
-231.22280,225.95331
-231.02280,225.91497
-230.82280,225.87563
-230.62280,225.83526
-230.42280,225.79388
-230.22280,225.75149
-230.02280,225.70806
-229.82280,225.66362
-229.62280,225.61814
-229.42280,225.57163
-229.22280,225.52408
-229.02280,225.47549
-228.82280,225.42586
-228.62280,225.37518
-228.42280,225.32345
-228.22280,225.27066
-228.02280,225.21681
-227.82280,225.16190
-227.62280,225.10592
-227.42280,225.04886
-227.22280,224.99073
-227.02280,224.93152
-226.82280,224.87122
-226.62280,224.80982
-226.42280,224.74733
-226.22280,224.68374
-226.02280,224.61904
-225.82280,224.55322
-225.62280,224.48629
-225.42280,224.41824
-225.22280,224.34905
-225.02280,224.27873
-224.82280,224.20726
-224.62280,224.13465
-224.42280,224.06088
-224.22280,223.98595
-224.02280,223.90986
-223.82280,223.83259
-223.62280,223.75413
-223.42280,223.67449
-223.22280,223.59365
-223.02280,223.51161
-222.82280,223.42836
-222.62280,223.34388
-222.42280,223.25818
-222.22280,223.17125
-222.02280,223.08307
-221.82280,222.99363
-221.62280,222.90294
-221.42280,222.81098
-221.22280,222.71773
-221.02280,222.62320
-220.82280,222.52817
-220.62280,222.43313
-220.42280,222.33809
-220.22280,222.24305
-220.02280,222.14801
-219.82280,222.05297
-219.62280,221.95794
-219.42280,221.86290
-219.22280,221.76786
-219.02280,221.67282
-218.82280,221.57778
-218.62280,221.48274
-218.42280,221.38771
-218.22280,221.29267
-218.02280,221.19763
-217.82280,221.10259
-217.62280,221.00755
-217.42280,220.91251
-217.22280,220.81747
-217.02280,220.72244
-216.82280,220.62740
-216.62280,220.53236
-216.42280,220.43732
-216.22280,220.34228
-216.02280,220.24724
-215.82280,220.15221
-215.62280,220.05717
-215.42280,219.96213
-215.22280,219.86709
-215.02280,219.77205
-214.82280,219.67701
-214.62280,219.58198
-214.42280,219.48694
-214.22280,219.39190
-214.02280,219.29686
-213.82280,219.20182
-213.62280,219.10678
-213.42280,219.01174
-213.22280,218.91671
-213.02280,218.82167
-212.82280,218.72663
-212.62280,218.63159
-212.42280,218.53655
-212.22280,218.44151
-212.02280,218.34648
-211.82280,218.25144
-211.62280,218.15640
-211.42280,218.06136
-211.22280,217.96632
-211.02280,217.87128
-210.82280,217.77625
-210.62280,217.68121
-210.42280,217.58617
-210.22280,217.49113
-210.02280,217.39609
-209.82280,217.30105
-209.62280,217.20601
-209.42280,217.11098
-209.22280,217.01594
-209.02280,216.92090
-208.82280,216.82586
-208.62280,216.73082
-208.42280,216.63578
-208.22280,216.54075
-208.02280,216.44571
-207.82280,216.35067
-207.62280,216.25563
-207.42280,216.16059
-207.22280,216.06555
-207.02280,215.97051
-206.82280,215.87548
-206.62280,215.78044
-206.42280,215.68540
-206.22280,215.59036
-206.02280,215.49532
-205.82280,215.40028
-205.62280,215.30525
-205.42280,215.21021
-205.22280,215.11517
-205.02280,215.02013
-204.82280,214.92509
-204.62280,214.83005
-204.42280,214.73502
-204.22280,214.63998
-204.02280,214.54494
-203.82280,214.44990
-203.62280,214.35486
-203.42280,214.25982
-203.22280,214.16478
-203.02280,214.06975
-202.82280,213.97471
-202.62280,213.87967
-202.42280,213.78463
-202.22280,213.68959
-202.02280,213.59455
-201.82280,213.49952
-201.62280,213.40448
-201.42280,213.30944
-201.22280,213.21440
-201.02280,213.11936
-200.82280,213.02432
-200.62280,212.92929
-200.42280,212.83425
-200.22280,212.73921
-200.02280,212.64417
-199.82280,212.54913
-199.62280,212.45409
-199.42280,212.35905
-199.22280,212.26402
-199.02280,212.16898
-198.82280,212.07394
-198.62280,211.97890
-198.42280,211.88386
-198.22280,211.78882
-198.02280,211.69379
-197.82280,211.59875
-197.62280,211.50371
-197.42280,211.40867
-197.22280,211.31363
-197.02280,211.21859
-196.82280,211.12355
-196.62280,211.02852
-196.42280,210.93348
-196.22280,210.83844
-196.02280,210.74340
-195.82280,210.64836
-195.62280,210.55332
-195.42280,210.45829
-195.22280,210.36325
-195.02280,210.26821
-194.82280,210.17317
-194.62280,210.07813
-194.42280,209.98309
-194.22280,209.88806
-194.02280,209.79302
-193.82280,209.69798
-193.62280,209.60294
-193.42280,209.50790
-193.22280,209.41286
-193.02280,209.31782
-192.82280,209.22279
-192.62280,209.12775
-192.42280,209.03271
-192.22280,208.93767
-192.02280,208.84263
-191.82280,208.74759
-191.62280,208.65256
-191.42280,208.55752
-191.22280,208.46248
-191.02280,208.36744
-190.82280,208.27240
-190.62280,208.17736
-190.42280,208.08233
-190.22280,207.98729
-190.02280,207.89225
-189.82280,207.79721
-189.62280,207.70217
-189.42280,207.60713
-189.22280,207.51209
-189.02280,207.41706
-188.82280,207.32202
-188.62280,207.22698
-188.42280,207.13194
-188.22280,207.03690
-188.02280,206.94186
-187.82280,206.84683
-187.62280,206.75179
-187.42280,206.65675
-187.22280,206.56171
-187.02280,206.46667
-186.82280,206.37163
-186.62280,206.27660
-186.42280,206.18156
-186.22280,206.08652
-186.02280,205.99148
-185.82280,205.89644
-185.62280,205.80140
-185.42280,205.70636
-185.22280,205.61133
-185.02280,205.51629
-184.82280,205.42125
-184.62280,205.32621
-184.42280,205.23117
-184.22280,205.13613
-184.02280,205.04110
-183.82280,204.94606
-183.62280,204.85102
-183.42280,204.75598
-183.22280,204.66094
-183.02280,204.56590
-182.82280,204.47086
-182.62280,204.37583
-182.42280,204.28079
-182.22280,204.18575
-182.02280,204.09071
-181.82280,203.99567
-181.62280,203.90063
-181.42280,203.80560
-181.22280,203.71056
-181.02280,203.61552
-180.82280,203.52048
-180.62280,203.42544
-180.42280,203.33040
-180.22280,203.23537
-180.02280,203.14033
-179.82280,203.04529
-179.62280,202.95025
-179.42280,202.85521
-179.22280,202.76017
-179.02280,202.66513
-178.82280,202.57010
-178.62280,202.47506
-178.42280,202.38002
-178.22280,202.28498
-178.02280,202.18994
-177.82280,202.09490
-177.62280,201.99987
-177.42280,201.90483
-177.22280,201.80979
-177.02280,201.71475
-176.82280,201.61971
-176.62280,201.52467
-176.42280,201.42964
-176.22280,201.33460
-176.02280,201.23956
-175.82280,201.14452
-175.62280,201.04948
-175.42280,200.95444
-175.22280,200.85940
-175.02280,200.76437
-174.82280,200.66933
-174.62280,200.57429
-174.42280,200.47925
-174.22280,200.38421
-174.02280,200.28917
-173.82280,200.19414
-173.62280,200.09910
-173.42280,200.00406
-173.22280,199.90902
-173.02280,199.81398
-172.82280,199.71894
-172.62280,199.62390
-172.42280,199.52887
-172.22280,199.43383
-172.02280,199.33879
-171.82280,199.24375
-171.62280,199.14871
-171.42280,199.05367
-171.22280,198.95864
-171.02280,198.86360
-170.82280,198.76856
-170.62280,198.67352
-170.42280,198.57848
-170.22280,198.48344
-170.02280,198.38841
-169.82280,198.29337
-169.62280,198.19833
-169.42280,198.10329
-169.22280,198.00825
-169.02280,197.91321
-168.82280,197.81817
-168.62280,197.72314
-168.42280,197.62810
-168.22280,197.53306
-168.02280,197.43802
-167.82280,197.34298
-167.62280,197.24794
-167.42280,197.15291
-167.22280,197.05787
-167.02280,196.96283
-166.82280,196.86779
-166.62280,196.77275
-166.42280,196.67771
-166.22280,196.58268
-166.02280,196.48764
-165.82280,196.39260
-165.62280,196.29756
-165.42280,196.20252
-165.22280,196.10748
-165.02280,196.01244
-164.82280,195.91741
-164.62280,195.82237
-164.42280,195.72733
-164.22280,195.63229
-164.02280,195.53725
-163.82280,195.44221
-163.62280,195.34718
-163.42280,195.25214
-163.22280,195.15710
-163.02280,195.06206
-162.82280,194.96702
-162.62280,194.87198
-162.42280,194.77695
-162.22280,194.68191
-162.02280,194.58687
-161.82280,194.49183
-161.62280,194.39679
-161.42280,194.30175
-161.22280,194.20671
-161.02280,194.11168
-160.82280,194.01664
-160.62280,193.92160
-160.42280,193.82656
-160.22280,193.73152
-160.02280,193.63648
-159.82280,193.54145
-159.62280,193.44641
-159.42280,193.35137
-159.22280,193.25633
-159.02280,193.16129
-158.82280,193.06625
-158.62280,192.97121
-158.42280,192.87618
-158.22280,192.78114
-158.02280,192.68610
-157.82280,192.59106
-157.62280,192.49602
-157.42280,192.40098
-157.22280,192.30595
-157.02280,192.21091
-156.82280,192.11587
-156.62280,192.02083
-156.42280,191.92579
-156.22280,191.83075
-156.02280,191.73572
-155.82280,191.64068
-155.62280,191.54564
-155.42280,191.45060
-155.22280,191.35556
-155.02280,191.26052
-154.82280,191.16548
-154.62280,191.07045
-154.42280,190.97541
-154.22280,190.88037
-154.02280,190.78533
-153.82280,190.69029
-153.62280,190.59525
-153.42280,190.50022
-153.22280,190.40518
-153.02280,190.31014
-152.82280,190.21510
-152.62280,190.12006
-152.42280,190.02502
-152.22280,189.92999
-152.02280,189.83495
-151.82280,189.73991
-151.62280,189.64487
-151.42280,189.54983
-151.22280,189.45479
-151.02280,189.35975
-150.82280,189.26472
-150.62280,189.16968
-150.42280,189.07464
-150.22280,188.97960
-150.02280,188.88456
-149.82280,188.78952
-149.62280,188.69449
-149.42280,188.59945
-149.22280,188.50441
-149.02280,188.40937
-148.82280,188.31433
-148.62280,188.21929
-148.42280,188.12425
-148.22280,188.02922
-148.02280,187.93418
-147.82280,187.83914
-147.62280,187.74410
-147.42280,187.64906
-147.22280,187.55402
-147.02280,187.45899
-146.82280,187.36395
-146.62280,187.26891
-146.42280,187.17387
-146.22280,187.07883
-146.02280,186.98379
-145.82280,186.88876
-145.62280,186.79372
-145.42280,186.69868
-145.22280,186.60364
-145.02280,186.50860
-144.82280,186.41356
-144.62280,186.31852
-144.42280,186.22349
-144.22280,186.12845
-144.02280,186.03341
-143.82280,185.93837
-143.62280,185.84333
-143.42280,185.74829
-143.22280,185.65326
-143.02280,185.55822
-142.82280,185.46318
-142.62280,185.36814
-142.42280,185.27310
-142.22280,185.17806
-142.02280,185.08303
-141.82280,184.98799
-141.62280,184.89295
-141.42280,184.79791
-141.22280,184.70287
-141.02280,184.60783
-140.82280,184.51279
-140.62280,184.41776
-140.42280,184.32272
-140.22280,184.22768
-140.02280,184.13264
-139.82280,184.03760
-139.62280,183.94256
-139.42280,183.84753
-139.22280,183.75249
-139.02280,183.65745
-138.82280,183.56241
-138.62280,183.46737
-138.42280,183.37233
-138.22280,183.27730
-138.02280,183.18226
-137.82280,183.08722
-137.62280,182.99218
-137.42280,182.89714
-137.22280,182.80210
-137.02280,182.70706
-136.82280,182.61203
-136.62280,182.51699
-136.42280,182.42195
-136.22280,182.32691
-136.02280,182.23187
-135.82280,182.13683
-135.62280,182.04180
-135.42280,181.94676
-135.22280,181.85172
-135.02280,181.75668
-134.82280,181.66164
-134.62280,181.56660
-134.42280,181.47156
-134.22280,181.37653
-134.02280,181.28149
-133.82280,181.18645
-133.62280,181.09141
-133.42280,180.99637
-133.22280,180.90133
-133.02280,180.80630
-132.82280,180.71126
-132.62280,180.61622
-132.42280,180.52118
-132.22280,180.42614
-132.02280,180.33110
-131.82280,180.23607
-131.62280,180.14103
-131.42280,180.04599
-131.22280,179.95095
-131.02280,179.85591
-130.82280,179.76087
-130.62280,179.66583
-130.42280,179.57080
-130.22280,179.47576
-130.02280,179.38072
-129.82280,179.28568
-129.62280,179.19064
-129.42280,179.09560
-129.22280,179.00057
-129.02280,178.90553
-128.82280,178.81049
-128.62280,178.71545
-128.42280,178.62041
-128.22280,178.52537
-128.02280,178.43034
-127.82280,178.33530
-127.62280,178.24026
-127.42280,178.14522
-127.22280,178.05018
-127.02280,177.95514
-126.82280,177.86010
-126.62280,177.76507
-126.42280,177.67003
-126.22280,177.57499
-126.02280,177.47995
-125.82280,177.38491
-125.62280,177.28987
-125.42280,177.19484
-125.22280,177.09980
-125.02280,177.00476
-124.82280,176.90972
-124.62280,176.81468
-124.42280,176.71964
-124.22280,176.62461
-124.02280,176.52957
-123.82280,176.43453
-123.62280,176.33949
-123.42280,176.24445
-123.22280,176.14941
-123.02280,176.05437
-122.82280,175.95934
-122.62280,175.86430
-122.42280,175.76926
-122.22280,175.67422
-122.02280,175.57918
-121.82280,175.48414
-121.62280,175.38911
-121.42280,175.29407
-121.22280,175.19903
-121.02280,175.10399
-120.82280,175.00895
-120.62280,174.91391
-120.42280,174.81887
-120.22280,174.72384
-120.02280,174.62880
-119.82280,174.53376
-119.62280,174.43872
-119.42280,174.34368
-119.22280,174.24864
-119.02280,174.15361
-118.82280,174.05857
-118.62280,173.96353
-118.42280,173.86849
-118.22280,173.77345
-118.02280,173.67841
-117.82280,173.58338
-117.62280,173.48834
-117.42280,173.39330
-117.22280,173.29826
-117.02280,173.20322
-116.82280,173.10818
-116.62280,173.01314
-116.42280,172.91811
-116.22280,172.82307
-116.02280,172.72803
-115.82280,172.63299
-115.62280,172.53795
-115.42280,172.44291
-115.22280,172.34788
-115.02280,172.25284
-114.82280,172.15780
-114.62280,172.06276
-114.42280,171.96772
-114.22280,171.87268
-114.02280,171.77765
-113.82280,171.68261
-113.62280,171.58757
-113.42280,171.49253
-113.22280,171.39749
-113.02280,171.30245
-112.82280,171.20741
-112.62280,171.11238
-112.42280,171.01734
-112.22280,170.92230
-112.02280,170.82726
-111.82280,170.73222
-111.62280,170.63718
-111.42280,170.54215
-111.22280,170.44711
-111.02280,170.35207
-110.82280,170.25703
-110.62280,170.16199
-110.42280,170.06695
-110.22280,169.97191
-110.02280,169.87688
-109.82280,169.78184
-109.62280,169.68680
-109.42280,169.59176
-109.22280,169.49672
-109.02280,169.40168
-108.82280,169.30665
-108.62280,169.21161
-108.42280,169.11657
-108.22280,169.02153
-108.02280,168.92649
-107.82280,168.83145
-107.62280,168.73642
-107.42280,168.64138
-107.22280,168.54634
-107.02280,168.45130
-106.82280,168.35626
-106.62280,168.26122
-106.42280,168.16618
-106.22280,168.07115
-106.02280,167.97611
-105.82280,167.88107
-105.62280,167.78603
-105.42280,167.69099
-105.22280,167.59595
-105.02280,167.50092
-104.82280,167.40588
-104.62280,167.31084
-104.42280,167.21580
-104.22280,167.12076
-104.02280,167.02572
-103.82280,166.93069
-103.62280,166.83565
-103.42280,166.74061
-103.22280,166.64557
-103.02280,166.55053
-102.82280,166.45549
-102.62280,166.36045
-102.42280,166.26542
-102.22280,166.17038
-102.02280,166.07534
-101.82280,165.98030
-101.62280,165.88526
-101.42280,165.79022
-101.22280,165.69519
-101.02280,165.60015
-100.82280,165.50511
-100.62280,165.41007
-100.42280,165.31503
-100.22280,165.21999
-100.02280,165.12496
-99.82280,165.02992
-99.62280,164.93488
-99.42280,164.83984
-99.22280,164.74480
-99.02280,164.64976
-98.82280,164.55472
-98.62280,164.45969
-98.42280,164.36465
-98.22280,164.26961
-98.02280,164.17457
-97.82280,164.07953
-97.62280,163.98449
-97.42280,163.88946
-97.22280,163.79442
-97.02280,163.69938
-96.82280,163.60434
-96.62280,163.50930
-96.42280,163.41426
-96.22280,163.31922
-96.02280,163.22419
-95.82280,163.12915
-95.62280,163.03411
-95.42280,162.93907
-95.22280,162.84403
-95.02280,162.74899
-94.82280,162.65396
-94.62280,162.55892
-94.42280,162.46388
-94.22280,162.36884
-94.02280,162.27380
-93.82280,162.17876
-93.62280,162.08373
-93.42280,161.98869
-93.22280,161.89365
-93.02280,161.79861
-92.82280,161.70357
-92.62280,161.60853
-92.42280,161.51349
-92.22280,161.41846
-92.02280,161.32342
-91.82280,161.22838
-91.62280,161.13334
-91.42280,161.03830
-91.22280,160.94326
-91.02280,160.84823
-90.82280,160.75319
-90.62280,160.65815
-90.42280,160.56311
-90.22280,160.46807
-90.02280,160.37303
-89.82280,160.27800
-89.62280,160.18296
-89.42280,160.08792
-89.22280,159.99288
-89.02280,159.89784
-88.82280,159.80280
-88.62280,159.70776
-88.42280,159.61273
-88.22280,159.51769
-88.02280,159.42265
-87.82280,159.32761
-87.62280,159.23257
-87.42280,159.13753
-87.22280,159.04250
-87.02280,158.94746
-86.82280,158.85242
-86.62280,158.75738
-86.42280,158.66234
-86.22280,158.56730
-86.02280,158.47226
-85.82280,158.37723
-85.62280,158.28219
-85.42280,158.18715
-85.22280,158.09211
-85.02280,157.99707
-84.82280,157.90203
-84.62280,157.80700
-84.42280,157.71196
-84.22280,157.61692
-84.02280,157.52188
-83.82280,157.42684
-83.62280,157.33180
-83.42280,157.23677
-83.22280,157.14173
-83.02280,157.04669
-82.82280,156.95165
-82.62280,156.85661
-82.42280,156.76157
-82.22280,156.66653
-82.02280,156.57150
-81.82280,156.47646
-81.62280,156.38142
-81.42280,156.28638
-81.22280,156.19134
-81.02280,156.09630
-80.82280,156.00127
-80.62280,155.90623
-80.42280,155.81119
-80.22280,155.71615
-80.02280,155.62111
-79.82280,155.52607
-79.62280,155.43104
-79.42280,155.33600
-79.22280,155.24096
-79.02280,155.14592
-78.82280,155.05088
-78.62280,154.95584
-78.42280,154.86080
-78.22280,154.76577
-78.02280,154.67073
-77.82280,154.57569
-77.62280,154.48065
-77.42280,154.38561
-77.22280,154.29057
-77.02280,154.19554
-76.82280,154.10050
-76.62280,154.00546
-76.42280,153.91042
-76.22280,153.81538
-76.02280,153.72034
-75.82280,153.62531
-75.62280,153.53027
-75.42280,153.43523
-75.22280,153.34019
-75.02280,153.24515
-74.82280,153.15011
-74.62280,153.05507
-74.42280,152.96004
-74.22280,152.86500
-74.02280,152.76996
-73.82280,152.67492
-73.62280,152.57988
-73.42280,152.48484
-73.22280,152.38981
-73.02280,152.29477
-72.82280,152.19973
-72.62280,152.10469
-72.42280,152.00965
-72.22280,151.91461
-72.02280,151.81957
-71.82280,151.72454
-71.62280,151.62950
-71.42280,151.53446
-71.22280,151.43942
-71.02280,151.34438
-70.82280,151.24934
-70.62280,151.15431
-70.42280,151.05927
-70.22280,150.96423
-70.02280,150.86919
-69.82280,150.77415
-69.62280,150.67911
-69.42280,150.58408
-69.22280,150.48904
-69.02280,150.39400
-68.82280,150.29896
-68.62280,150.20392
-68.42280,150.10888
-68.22280,150.01384
-68.02280,149.91881
-67.82280,149.82377
-67.62280,149.72873
-67.42280,149.63369
-67.22280,149.53865
-67.02280,149.44361
-66.82280,149.34858
-66.62280,149.25354
-66.42280,149.15850
-66.22280,149.06346
-66.02280,148.96842
-65.82280,148.87338
-65.62280,148.77835
-65.42280,148.68331
-65.22280,148.58827
-65.02280,148.49323
-64.82280,148.39819
-64.62280,148.30315
-64.42280,148.20811
-64.22280,148.11308
-64.02280,148.01804
-63.82280,147.92300
-63.62280,147.82796
-63.42280,147.73292
-63.22280,147.63788
-63.02280,147.54285
-62.82280,147.44781
-62.62280,147.35277
-62.42280,147.25773
-62.22280,147.16269
-62.02280,147.06765
-61.82280,146.97262
-61.62280,146.87758
-61.42280,146.78254
-61.22280,146.68750
-61.02280,146.59246
-60.82280,146.49742
-60.62280,146.40238
-60.42280,146.30735
-60.22280,146.21231
-60.02280,146.11727
-59.82280,146.02223
-59.62280,145.92719
-59.42280,145.83215
-59.22280,145.73712
-59.02280,145.64208
-58.82280,145.54704
-58.62280,145.45200
-58.42280,145.35696
-58.22280,145.26192
-58.02280,145.16688
-57.82280,145.07185
-57.62280,144.97681
-57.42280,144.88177
-57.22280,144.78673
-57.02280,144.69169
-56.82280,144.59665
-56.62280,144.50162
-56.42280,144.40658
-56.22280,144.31154
-56.02280,144.21650
-55.82280,144.12146
-55.62280,144.02642
-55.42280,143.93139
-55.22280,143.83635
-55.02280,143.74131
-54.82280,143.64627
-54.62280,143.55123
-54.42280,143.45619
-54.22280,143.36115
-54.02280,143.26612
-53.82280,143.17108
-53.62280,143.07604
-53.42280,142.98100
-53.22280,142.88596
-53.02280,142.79107
-52.82280,142.69662
-52.62280,142.60260
-52.42280,142.50901
-52.22280,142.41586
-52.02280,142.32314
-51.82280,142.23085
-51.62280,142.13899
-51.42280,142.04757
-51.22280,141.95657
-51.02280,141.86599
-50.82280,141.77585
-50.62280,141.68613
-50.42280,141.59683
-50.22280,141.50796
-50.02280,141.41951
-49.82280,141.33149
-49.62280,141.24388
-49.42280,141.15669
-49.22280,141.06992
-49.02280,140.98357
-48.82280,140.89763
-48.62280,140.81212
-48.42280,140.72701
-48.22280,140.64232
-48.02280,140.55804
-47.82280,140.47418
-47.62280,140.39072
-47.42280,140.30768
-47.22280,140.22504
-47.02280,140.14282
-46.82280,140.06100
-46.62280,139.97958
-46.42280,139.89858
-46.22280,139.81797
-46.02280,139.73778
-45.82280,139.65798
-45.62280,139.57859
-45.42280,139.49960
-45.22280,139.42101
-45.02280,139.34282
-44.82280,139.26503
-44.62280,139.18764
-44.42280,139.11064
-44.22280,139.03404
-44.02280,138.95784
-43.82280,138.88204
-43.62280,138.80662
-43.42280,138.73160
-43.22280,138.65698
-43.02280,138.58274
-42.82280,138.50890
-42.62280,138.43545
-42.42280,138.36239
-42.22280,138.28971
-42.02280,138.21743
-41.82280,138.14553
-41.62280,138.07402
-41.42280,138.00290
-41.22280,137.93216
-41.02280,137.86181
-40.82280,137.79184
-40.62280,137.72225
-40.42280,137.65305
-40.22280,137.58423
-40.02280,137.51579
-39.82280,137.44773
-39.62280,137.38005
-39.42280,137.31275
-39.22280,137.24583
-39.02280,137.17929
-38.82280,137.11312
-38.62280,137.04734
-38.42280,136.98193
-38.22280,136.91689
-38.02280,136.85223
-37.82280,136.78794
-37.62280,136.72403
-37.42280,136.66049
-37.22280,136.59732
-37.02280,136.53453
-36.82280,136.47210
-36.62280,136.41005
-36.42280,136.34837
-36.22280,136.28705
-36.02280,136.22611
-35.82280,136.16553
-35.62280,136.10533
-35.42280,136.04549
-35.22280,135.98601
-35.02280,135.92691
-34.82280,135.86816
-34.62280,135.80979
-34.42280,135.75178
-34.22280,135.69413
-34.02280,135.63684
-33.82280,135.57992
-33.62280,135.52336
-33.42280,135.46717
-33.22280,135.41133
-33.02280,135.35586
-32.82280,135.30074
-32.62280,135.24599
-32.42280,135.19160
-32.22280,135.13756
-32.02280,135.08388
-31.82280,135.03057
-31.62280,134.97760
-31.42280,134.92500
-31.22280,134.87275
-31.02280,134.82086
-30.82280,134.76933
-30.62280,134.71815
-30.42280,134.66732
-30.22280,134.61685
-30.02280,134.56673
-29.82280,134.51697
-29.62280,134.46756
-29.42280,134.41850
-29.22280,134.36979
-29.02280,134.32144
-28.82280,134.27343
-28.62280,134.22578
-28.42280,134.17848
-28.22280,134.13153
-28.02280,134.08492
-27.82280,134.03867
-27.62280,133.99277
-27.42280,133.94721
-27.22280,133.90200
-27.02280,133.85714
-26.82280,133.81263
-26.62280,133.76846
-26.42280,133.72464
-26.22280,133.68117
-26.02280,133.63804
-25.82280,133.59526
-25.62280,133.55282
-25.42280,133.51073
-25.22280,133.46898
-25.02280,133.42757
-24.82280,133.38651
-24.62280,133.34579
-24.42280,133.30542
-24.22280,133.26539
-24.02280,133.22570
-23.82280,133.18635
-23.62280,133.14734
-23.42280,133.10868
-23.22280,133.07035
-23.02280,133.03237
-22.82280,132.99472
-22.62280,132.95742
-22.42280,132.92045
-22.22280,132.88383
-22.02280,132.84754
-21.82280,132.81159
-21.62280,132.77599
-21.42280,132.74071
-21.22280,132.70578
-21.02280,132.67119
-20.82280,132.63693
-20.62280,132.60301
-20.42280,132.56942
-20.22280,132.53617
-20.02280,132.50326
-19.82280,132.47068
-19.62280,132.43844
-19.42280,132.40654
-19.22280,132.37497
-19.02280,132.34373
-18.82280,132.31283
-18.62280,132.28226
-18.42280,132.25203
-18.22280,132.22213
-18.02280,132.19256
-17.82280,132.16333
-17.62280,132.13443
-17.42280,132.10586
-17.22280,132.07763
-17.02280,132.04973
-16.82280,132.02216
-16.62280,131.99492
-16.42280,131.96802
-16.22280,131.94144
-16.02280,131.91520
-15.82280,131.88929
-15.62280,131.86370
-15.42280,131.83845
-15.22280,131.81353
-15.02280,131.78894
-14.82280,131.76468
-14.62280,131.74075
-14.42280,131.71715
-14.22280,131.69388
-14.02280,131.67094
-13.82280,131.64833
-13.62280,131.62604
-13.42280,131.60409
-13.22280,131.58246
-13.02280,131.56116
-12.82280,131.54019
-12.62280,131.51955
-12.42280,131.49924
-12.22280,131.47925
-12.02280,131.45959
-11.82280,131.44026
-11.62280,131.42126
-11.42280,131.40258
-11.22280,131.38423
-11.02280,131.36620
-10.82280,131.34851
-10.62280,131.33114
-10.42280,131.31409
-10.22280,131.29738
-10.02280,131.28098
-9.82280,131.26492
-9.62280,131.24918
-9.42280,131.23376
-9.22280,131.21868
-9.02280,131.20391
-8.82280,131.18947
-8.62280,131.17536
-8.42280,131.16157
-8.22280,131.14811
-8.02280,131.13497
-7.82280,131.12216
-7.62280,131.10967
-7.42280,131.09751
-7.22280,131.08567
-7.02280,131.07416
-6.82280,131.06297
-6.62280,131.05210
-6.42280,131.04156
-6.22280,131.03134
-6.02280,131.02145
-5.82280,131.01188
-5.62280,131.00263
-5.42280,130.99371
-5.22280,130.98511
-5.02280,130.97684
-4.82280,130.96889
-4.62280,130.96126
-4.42280,130.95396
-4.22280,130.94698
-4.02280,130.94032
-3.82280,130.93398
-3.62280,130.92797
-3.42280,130.92229
-3.22280,130.91692
-3.02280,130.91188
-2.82280,130.90716
-2.62280,130.90277
-2.42280,130.89869
-2.22280,130.89495
-2.02280,130.89152
-1.82280,130.88842
-1.62280,130.88563
-1.42280,130.88318
-1.22280,130.88104
-1.02280,130.87923
-0.82280,130.87774
-0.62280,130.87657
-0.42280,130.87573
-0.22280,130.87521
-0.02280,130.87501
0.17720,130.87533
0.37720,130.87647
0.57720,130.87844
0.77720,130.88123
0.97720,130.88484
1.17720,130.88928
1.37720,130.89454
1.57720,130.90062
1.77720,130.90754
1.97720,130.91527
2.17720,130.92383
2.37720,130.93322
2.57720,130.94344
2.77720,130.95448
2.97720,130.96635
3.17720,130.97904
3.37720,130.99257
3.57720,131.00693
3.77720,131.02211
3.97720,131.03813
4.17720,131.05498
4.37720,131.07266
4.57720,131.09118
4.77720,131.11053
4.97720,131.13071
5.17720,131.15174
5.37720,131.17360
5.57720,131.19630
5.77720,131.21984
5.97720,131.24422
6.17720,131.26944
6.37720,131.29551
6.57720,131.32242
6.77720,131.35018
6.97720,131.37879
7.17720,131.40825
7.37720,131.43856
7.57720,131.46972
7.77720,131.50174
7.97720,131.53461
8.17720,131.56834
8.37720,131.60293
8.57720,131.63839
8.77720,131.67470
8.97720,131.71189
9.17720,131.74994
9.37720,131.78886
9.57720,131.82865
9.77720,131.86931
9.97720,131.91086
10.17720,131.95328
10.37720,131.99658
10.57720,132.04076
10.77720,132.08584
10.97720,132.13179
11.17720,132.17865
11.37720,132.22639
11.57720,132.27503
11.77720,132.32457
11.97720,132.37501
12.17720,132.42636
12.37720,132.47861
12.57720,132.53178
12.77720,132.58586
12.97720,132.64085
13.17720,132.69677
13.37720,132.75361
13.57720,132.81138
13.77720,132.87007
13.97720,132.92971
14.17720,132.99028
14.37720,133.05179
14.57720,133.11424
14.77720,133.17765
14.97720,133.24201
15.17720,133.30732
15.37720,133.37359
15.57720,133.44084
15.77720,133.50904
15.97720,133.57823
16.17720,133.64839
16.37720,133.71953
16.57720,133.79166
16.77720,133.86479
16.97720,133.93890
17.17720,134.01402
17.37720,134.09015
17.57720,134.16729
17.77720,134.24544
17.97720,134.32462
18.17720,134.40482
18.37720,134.48606
18.57720,134.56834
18.77720,134.65166
18.97720,134.73603
19.17720,134.82145
19.37720,134.90794
19.57720,134.99549
19.77720,135.08412
19.97720,135.17384
20.17720,135.26463
20.37720,135.35653
20.57720,135.44952
20.77720,135.54362
20.97720,135.63884
21.17720,135.73518
21.37720,135.83265
21.57720,135.93126
21.77720,136.03101
21.97720,136.13192
22.17720,136.23399
22.37720,136.33723
22.57720,136.44164
22.77720,136.54725
22.97720,136.65404
23.17720,136.76205
23.37720,136.87126
23.57720,136.98170
23.77720,137.09337
23.97720,137.20628
24.17720,137.32045
24.37720,137.43588
24.57720,137.55258
24.77720,137.67056
24.97720,137.78984
25.17720,137.91043
25.37720,138.03233
25.57720,138.15556
25.77720,138.28013
25.97720,138.40606
26.17720,138.53335
26.37720,138.66201
26.57720,138.79207
26.77720,138.92354
26.97720,139.05642
27.17720,139.19073
27.37720,139.32649
27.57720,139.46372
27.77720,139.60242
27.97720,139.74261
28.17720,139.88431
28.37720,140.02753
28.57720,140.17230
28.77720,140.31862
28.97720,140.46652
29.17720,140.61601
29.37720,140.76660
29.57720,140.91701
29.77720,141.06717
29.97720,141.21709
30.17720,141.36678
30.37720,141.51622
30.57720,141.66543
30.77720,141.81439
30.97720,141.96312
31.17720,142.11161
31.37720,142.25987
31.57720,142.40790
31.77720,142.55569
31.97720,142.70325
32.17720,142.85057
32.37720,142.99767
32.57720,143.14453
32.77720,143.29117
32.97720,143.43758
33.17720,143.58376
33.37720,143.72971
33.57720,143.87544
33.77720,144.02095
33.97720,144.16623
34.17720,144.31129
34.37720,144.45612
34.57720,144.60073
34.77720,144.74513
34.97720,144.88930
35.17720,145.03325
35.37720,145.17699
35.57720,145.32051
35.77720,145.46381
35.97720,145.60690
36.17720,145.74977
36.37720,145.89243
36.57720,146.03487
36.77720,146.17710
36.97720,146.31912
37.17720,146.46093
37.37720,146.60252
37.57720,146.74391
37.77720,146.88509
37.97720,147.02606
38.17720,147.16682
38.37720,147.30738
38.57720,147.44772
38.77720,147.58787
38.97720,147.72781
39.17720,147.86754
39.37720,148.00708
39.57720,148.14641
39.77720,148.28554
39.97720,148.42446
40.17720,148.56319
40.37720,148.70172
40.57720,148.84005
40.77720,148.97818
40.97720,149.11611
41.17720,149.25384
41.37720,149.39138
41.57720,149.52873
41.77720,149.66587
41.97720,149.80283
42.17720,149.93959
42.37720,150.07616
42.57720,150.21253
42.77720,150.34872
42.97720,150.48471
43.17720,150.62051
43.37720,150.75612
43.57720,150.89155
43.77720,151.02678
43.97720,151.16183
44.17720,151.29669
44.37720,151.43136
44.57720,151.56585
44.77720,151.70015
44.97720,151.83426
45.17720,151.96819
45.37720,152.10194
45.57720,152.23551
45.77720,152.36889
45.97720,152.50209
46.17720,152.63511
46.37720,152.76795
46.57720,152.90061
46.77720,153.03309
46.97720,153.16539
47.17720,153.29751
47.37720,153.42946
47.57720,153.56122
47.77720,153.69282
47.97720,153.82423
48.17720,153.95547
48.37720,154.08653
48.57720,154.21742
48.77720,154.34814
48.97720,154.47868
49.17720,154.60905
49.37720,154.73925
49.57720,154.86927
49.77720,154.99912
49.97720,155.12881
50.17720,155.25832
50.37720,155.38766
50.57720,155.51684
50.77720,155.64585
50.97720,155.77468
51.17720,155.90335
51.37720,156.03186
51.57720,156.16019
51.77720,156.28836
51.97720,156.41637
52.17720,156.54421
52.37720,156.67188
52.57720,156.79940
52.77720,156.92674
52.97720,157.05393
53.17720,157.18095
53.37720,157.30781
53.57720,157.43451
53.77720,157.56105
53.97720,157.68743
54.17720,157.81364
54.37720,157.93970
54.57720,158.06560
54.77720,158.19134
54.97720,158.31692
55.17720,158.44234
55.37720,158.56761
55.57720,158.69272
55.77720,158.81767
55.97720,158.94247
56.17720,159.06711
56.37720,159.19160
56.57720,159.31593
56.77720,159.44011
56.97720,159.56413
57.17720,159.68800
57.37720,159.81172
57.57720,159.93528
57.77720,160.05870
57.97720,160.18196
58.17720,160.30507
58.37720,160.42803
58.57720,160.55084
58.77720,160.67350
58.97720,160.79601
59.17720,160.91838
59.37720,161.04059
59.57720,161.16266
59.77720,161.28458
59.97720,161.40635
60.17720,161.52797
60.37720,161.64945
60.57720,161.77078
60.77720,161.89197
60.97720,162.01301
61.17720,162.13390
61.37720,162.25465
61.57720,162.37526
61.77720,162.49573
61.97720,162.61605
62.17720,162.73622
62.37720,162.85626
62.57720,162.97615
62.77720,163.09591
62.97720,163.21552
63.17720,163.33499
63.37720,163.45432
63.57720,163.57351
63.77720,163.69255
63.97720,163.81146
64.17720,163.93024
64.37720,164.04887
64.57720,164.16736
64.77720,164.28572
64.97720,164.40394
65.17720,164.52202
65.37720,164.63997
65.57720,164.75778
65.77720,164.87545
65.97720,164.99299
66.17720,165.11039
66.37720,165.22766
66.57720,165.34479
66.77720,165.46179
66.97720,165.57865
67.17720,165.69538
67.37720,165.81198
67.57720,165.92845
67.77720,166.04478
67.97720,166.16098
68.17720,166.27705
68.37720,166.39299
68.57720,166.50879
68.77720,166.62447
68.97720,166.74001
69.17720,166.85543
69.37720,166.97071
69.57720,167.08587
69.77720,167.20090
69.97720,167.31579
70.17720,167.43056
70.37720,167.54521
70.57720,167.65972
70.77720,167.77411
70.97720,167.88837
71.17720,168.00250
71.37720,168.11651
71.57720,168.23039
71.77720,168.34414
71.97720,168.45777
72.17720,168.57127
72.37720,168.68465
72.57720,168.79791
72.77720,168.91104
72.97720,169.02404
73.17720,169.13693
73.37720,169.24968
73.57720,169.36232
73.77720,169.47483
73.97720,169.58723
74.17720,169.69950
74.37720,169.81164
74.57720,169.92367
74.77720,170.03557
74.97720,170.14736
75.17720,170.25902
75.37720,170.37056
75.57720,170.48199
75.77720,170.59329
75.97720,170.70448
76.17720,170.81554
76.37720,170.92649
76.57720,171.03731
76.77720,171.14802
76.97720,171.25862
77.17720,171.36909
77.37720,171.47945
77.57720,171.58969
77.77720,171.69981
77.97720,171.80981
78.17720,171.91970
78.37720,172.02948
78.57720,172.13914
78.77720,172.24868
78.97720,172.35811
79.17720,172.46742
79.37720,172.57662
79.57720,172.68570
79.77720,172.79467
79.97720,172.90353
80.17720,173.01227
80.37720,173.12090
80.57720,173.22941
80.77720,173.33782
80.97720,173.44611
81.17720,173.55429
81.37720,173.66236
81.57720,173.77031
81.77720,173.87815
81.97720,173.98589
82.17720,174.09351
82.37720,174.20102
82.57720,174.30842
82.77720,174.41571
82.97720,174.52289
83.17720,174.62996
83.37720,174.73693
83.57720,174.84378
83.77720,174.95052
83.97720,175.05716
84.17720,175.16369
84.37720,175.27011
84.57720,175.37642
84.77720,175.48262
84.97720,175.58872
85.17720,175.69471
85.37720,175.80059
85.57720,175.90636
85.77720,176.01203
85.97720,176.11760
86.17720,176.22305
86.37720,176.32840
86.57720,176.43365
86.77720,176.53879
86.97720,176.64383
87.17720,176.74876
87.37720,176.85358
87.57720,176.95831
87.77720,177.06293
87.97720,177.16744
88.17720,177.27185
88.37720,177.37616
88.57720,177.48036
88.77720,177.58447
88.97720,177.68846
89.17720,177.79236
89.37720,177.89616
89.57720,177.99985
89.77720,178.10344
89.97720,178.20693
90.17720,178.31032
90.37720,178.41360
90.57720,178.51679
90.77720,178.61987
90.97720,178.72286
91.17720,178.82574
91.37720,178.92853
91.57720,179.03121
91.77720,179.13380
91.97720,179.23629
92.17720,179.33867
92.37720,179.44096
92.57720,179.54315
92.77720,179.64524
92.97720,179.74723
93.17720,179.84913
93.37720,179.95093
93.57720,180.05262
93.77720,180.15423
93.97720,180.25573
94.17720,180.35714
94.37720,180.45845
94.57720,180.55966
94.77720,180.66078
94.97720,180.76180
95.17720,180.86273
95.37720,180.96356
95.57720,181.06429
95.77720,181.16493
95.97720,181.26547
96.17720,181.36592
96.37720,181.46628
96.57720,181.56654
96.77720,181.66670
96.97720,181.76677
97.17720,181.86675
97.37720,181.96663
97.57720,182.06642
97.77720,182.16612
97.97720,182.26572
98.17720,182.36523
98.37720,182.46464
98.57720,182.56397
98.77720,182.66320
98.97720,182.76234
99.17720,182.86139
99.37720,182.96034
99.57720,183.05921
99.77720,183.15798
99.97720,183.25666
100.17720,183.35525
100.37720,183.45375
100.57720,183.55216
100.77720,183.65047
100.97720,183.74870
101.17720,183.84684
101.37720,183.94488
101.57720,184.04284
101.77720,184.14071
101.97720,184.23849
102.17720,184.33618
102.37720,184.43377
102.57720,184.53129
102.77720,184.62871
102.97720,184.72604
103.17720,184.82329
103.37720,184.92044
103.57720,185.01751
103.77720,185.11449
103.97720,185.21138
104.17720,185.30819
104.37720,185.40491
104.57720,185.50154
104.77720,185.59808
104.97720,185.69454
105.17720,185.79091
105.37720,185.88719
105.57720,185.98339
105.77720,186.07950
105.97720,186.17553
106.17720,186.27147
106.37720,186.36732
106.57720,186.46309
106.77720,186.55877
106.97720,186.65437
107.17720,186.74988
107.37720,186.84531
107.57720,186.94066
107.77720,187.03592
107.97720,187.13109
108.17720,187.22618
108.37720,187.32119
108.57720,187.41611
108.77720,187.51095
108.97720,187.60570
109.17720,187.70038
109.37720,187.79497
109.57720,187.88947
109.77720,187.98390
109.97720,188.07824
110.17720,188.17249
110.37720,188.26667
110.57720,188.36076
110.77720,188.45477
110.97720,188.54870
111.17720,188.64255
111.37720,188.73632
111.57720,188.83000
111.77720,188.92360
111.97720,189.01713
112.17720,189.11057
112.37720,189.20393
112.57720,189.29721
112.77720,189.39040
112.97720,189.48352
113.17720,189.57656
113.37720,189.66952
113.57720,189.76240
113.77720,189.85520
113.97720,189.94792
114.17720,190.04055
114.37720,190.13311
114.57720,190.22559
114.77720,190.31800
114.97720,190.41032
115.17720,190.50256
115.37720,190.59473
115.57720,190.68682
115.77720,190.77882
115.97720,190.87075
116.17720,190.96261
116.37720,191.05438
116.57720,191.14608
116.77720,191.23770
116.97720,191.32924
117.17720,191.42070
117.37720,191.51209
117.57720,191.60340
117.77720,191.69463
117.97720,191.78579
118.17720,191.87687
118.37720,191.96787
118.57720,192.05880
118.77720,192.14965
118.97720,192.24043
119.17720,192.33113
119.37720,192.42175
119.57720,192.51230
119.77720,192.60277
119.97720,192.69316
120.17720,192.78349
120.37720,192.87373
120.57720,192.96390
120.77720,193.05400
120.97720,193.14402
121.17720,193.23397
121.37720,193.32384
121.57720,193.41364
121.77720,193.50336
121.97720,193.59301
122.17720,193.68259
122.37720,193.77209
122.57720,193.86152
122.77720,193.95088
122.97720,194.04016
123.17720,194.12937
123.37720,194.21850
123.57720,194.30756
123.77720,194.39655
123.97720,194.48547
124.17720,194.57432
124.37720,194.66309
124.57720,194.75179
124.77720,194.84041
124.97720,194.92897
125.17720,195.01745
125.37720,195.10586
125.57720,195.19420
125.77720,195.28247
125.97720,195.37067
126.17720,195.45879
126.37720,195.54685
126.57720,195.63483
126.77720,195.72274
126.97720,195.81058
127.17720,195.89835
127.37720,195.98605
127.57720,196.07368
127.77720,196.16124
127.97720,196.24873
128.17720,196.33614
128.37720,196.42349
128.57720,196.51077
128.77720,196.59798
128.97720,196.68512
129.17720,196.77219
129.37720,196.85919
129.57720,196.94612
129.77720,197.03298
129.97720,197.11977
130.17720,197.20649
130.37720,197.29315
130.57720,197.37973
130.77720,197.46625
130.97720,197.55270
131.17720,197.63908
131.37720,197.72539
131.57720,197.81164
131.77720,197.89781
131.97720,197.98392
132.17720,198.06996
132.37720,198.15593
132.57720,198.24184
132.77720,198.32767
132.97720,198.41344
133.17720,198.49915
133.37720,198.58478
133.57720,198.67035
133.77720,198.75585
133.97720,198.84129
134.17720,198.92666
134.37720,199.01196
134.57720,199.09719
134.77720,199.18236
134.97720,199.26747
135.17720,199.35250
135.37720,199.43747
135.57720,199.52238
135.77720,199.60722
135.97720,199.69199
136.17720,199.77670
136.37720,199.86134
136.57720,199.94592
136.77720,200.03043
136.97720,200.11487
137.17720,200.19925
137.37720,200.28357
137.57720,200.36782
137.77720,200.45201
137.97720,200.53613
138.17720,200.62019
138.37720,200.70418
138.57720,200.78811
138.77720,200.87198
138.97720,200.95578
139.17720,201.03951
139.37720,201.12319
139.57720,201.20679
139.77720,201.29034
139.97720,201.37382
140.17720,201.45724
140.37720,201.54059
140.57720,201.62388
140.77720,201.70711
140.97720,201.79028
141.17720,201.87338
141.37720,201.95642
141.57720,202.03940
141.77720,202.12231
141.97720,202.20516
142.17720,202.28795
142.37720,202.37068
142.57720,202.45334
142.77720,202.53594
142.97720,202.61848
143.17720,202.70096
143.37720,202.78337
143.57720,202.86573
143.77720,202.94802
143.97720,203.03025
144.17720,203.11242
144.37720,203.19453
144.57720,203.27657
144.77720,203.35856
144.97720,203.44048
145.17720,203.52235
145.37720,203.60415
145.57720,203.68589
145.77720,203.76757
145.97720,203.84919
146.17720,203.93075
146.37720,204.01225
146.57720,204.09369
146.77720,204.17507
146.97720,204.25638
147.17720,204.33764
147.37720,204.41884
147.57720,204.49998
147.77720,204.58106
147.97720,204.66208
148.17720,204.74303
148.37720,204.82393
148.57720,204.90477
148.77720,204.98556
148.97720,205.06628
149.17720,205.14694
149.37720,205.22754
149.57720,205.30809
149.77720,205.38857
149.97720,205.46900
150.17720,205.54937
150.37720,205.62968
150.57720,205.70993
150.77720,205.79012
150.97720,205.87025
151.17720,205.95033
151.37720,206.03034
151.57720,206.11030
151.77720,206.19021
151.97720,206.27005
152.17720,206.34983
152.37720,206.42956
152.57720,206.50923
152.77720,206.58884
152.97720,206.66840
153.17720,206.74790
153.37720,206.82734
153.57720,206.90672
153.77720,206.98605
153.97720,207.06532
154.17720,207.14453
154.37720,207.22368
154.57720,207.30278
154.77720,207.38182
154.97720,207.46081
155.17720,207.53974
155.37720,207.61861
155.57720,207.69742
155.77720,207.77618
155.97720,207.85489
156.17720,207.93353
156.37720,208.01212
156.57720,208.09066
156.77720,208.16914
156.97720,208.24756
157.17720,208.32593
157.37720,208.40424
157.57720,208.48250
157.77720,208.56070
157.97720,208.63884
158.17720,208.71693
158.37720,208.79497
158.57720,208.87295
158.77720,208.95087
158.97720,209.02874
159.17720,209.10656
159.37720,209.18432
159.57720,209.26202
159.77720,209.33967
159.97720,209.41727
160.17720,209.49481
160.37720,209.57230
160.57720,209.64973
160.77720,209.72711
160.97720,209.80443
161.17720,209.88170
161.37720,209.95892
161.57720,210.03608
161.77720,210.11319
161.97720,210.19024
162.17720,210.26724
162.37720,210.34419
162.57720,210.42108
162.77720,210.49792
162.97720,210.57471
163.17720,210.65144
163.37720,210.72812
163.57720,210.80475
163.77720,210.88132
163.97720,210.95784
164.17720,211.03431
164.37720,211.11073
164.57720,211.18709
164.77720,211.26340
164.97720,211.33965
165.17720,211.41586
165.37720,211.49201
165.57720,211.56811
165.77720,211.64415
165.97720,211.72015
166.17720,211.79609
166.37720,211.87198
166.57720,211.94782
166.77720,212.02360
166.97720,212.09934
167.17720,212.17502
167.37720,212.25065
167.57720,212.32623
167.77720,212.40175
167.97720,212.47723
168.17720,212.55265
168.37720,212.62803
168.57720,212.70335
168.77720,212.77862
168.97720,212.85384
169.17720,212.92900
169.37720,213.00412
169.57720,213.07918
169.77720,213.15420
169.97720,213.22916
170.17720,213.30408
170.37720,213.37894
170.57720,213.45375
170.77720,213.52851
170.97720,213.60322
171.17720,213.67788
171.37720,213.75249
171.57720,213.82705
171.77720,213.90156
171.97720,213.97602
172.17720,214.05043
172.37720,214.12478
172.57720,214.19909
172.77720,214.27335
172.97720,214.34756
173.17720,214.42172
173.37720,214.49583
173.57720,214.56989
173.77720,214.64390
173.97720,214.71786
174.17720,214.79177
174.37720,214.86564
174.57720,214.93945
174.77720,215.01321
174.97720,215.08693
175.17720,215.16059
175.37720,215.23421
175.57720,215.30778
175.77720,215.38130
175.97720,215.45477
176.17720,215.52819
176.37720,215.60156
176.57720,215.67488
176.77720,215.74816
176.97720,215.82139
177.17720,215.89457
177.37720,215.96770
177.57720,216.04078
177.77720,216.11381
177.97720,216.18680
178.17720,216.25973
178.37720,216.33262
178.57720,216.40546
178.77720,216.47826
178.97720,216.55100
179.17720,216.62370
179.37720,216.69635
179.57720,216.76895
179.77720,216.84151
179.97720,216.91402
180.17720,216.98648
180.37720,217.05889
180.57720,217.13125
180.77720,217.20357
180.97720,217.27584
181.17720,217.34807
181.37720,217.42024
181.57720,217.49237
181.77720,217.56445
181.97720,217.63649
182.17720,217.70848
182.37720,217.78042
182.57720,217.85232
182.77720,217.92416
182.97720,217.99597
183.17720,218.06772
183.37720,218.13943
183.57720,218.21109
183.77720,218.28271
183.97720,218.35428
184.17720,218.42580
184.37720,218.49728
184.57720,218.56871
184.77720,218.64010
184.97720,218.71144
185.17720,218.78273
185.37720,218.85398
185.57720,218.92518
185.77720,218.99633
185.97720,219.06744
186.17720,219.13851
186.37720,219.20953
186.57720,219.28050
186.77720,219.35143
186.97720,219.42231
187.17720,219.49315
187.37720,219.56394
187.57720,219.63469
187.77720,219.70539
187.97720,219.77605
188.17720,219.84666
188.37720,219.91722
188.57720,219.98775
188.77720,220.05822
188.97720,220.12865
189.17720,220.19904
189.37720,220.26938
189.57720,220.33968
189.77720,220.40993
189.97720,220.48014
190.17720,220.55031
190.37720,220.62043
190.57720,220.69050
190.77720,220.76053
190.97720,220.83052
191.17720,220.90046
191.37720,220.97036
191.57720,221.04021
191.77720,221.11002
191.97720,221.17979
192.17720,221.24951
192.37720,221.31919
192.57720,221.38882
192.77720,221.45842
192.97720,221.52796
193.17720,221.59747
193.37720,221.66693
193.57720,221.73634
193.77720,221.80571
193.97720,221.87504
194.17720,221.94433
194.37720,222.01357
194.57720,222.08277
194.77720,222.15193
194.97720,222.22104
195.17720,222.29011
195.37720,222.35914
195.57720,222.42812
195.77720,222.49706
195.97720,222.56596
196.17720,222.63481
196.37720,222.70363
196.57720,222.77240
196.77720,222.84112
196.97720,222.90981
197.17720,222.97845
197.37720,223.04705
197.57720,223.11560
197.77720,223.18412
197.97720,223.25259
198.17720,223.32102
198.37720,223.38941
198.57720,223.45775
198.77720,223.52605
198.97720,223.59431
199.17720,223.66253
199.37720,223.73071
199.57720,223.79884
199.77720,223.86694
199.97720,223.93499
200.17720,224.00300
200.37720,224.07096
200.57720,224.13889
200.77720,224.20677
200.97720,224.27461
201.17720,224.34242
201.37720,224.41017
201.57720,224.47789
201.77720,224.54557
201.97720,224.61320
202.17720,224.68080
202.37720,224.74835
202.57720,224.81586
202.77720,224.88333
202.97720,224.95076
203.17720,225.01815
203.37720,225.08549
203.57720,225.15280
203.77720,225.22006
203.97720,225.28729
204.17720,225.35447
204.37720,225.42161
204.57720,225.48872
204.77720,225.55578
204.97720,225.62280
205.17720,225.68978
205.37720,225.75672
205.57720,225.82362
205.77720,225.89047
205.97720,225.95729
206.17720,226.02407
206.37720,226.09081
206.57720,226.15750
206.77720,226.22416
206.97720,226.29078
207.17720,226.35736
207.37720,226.42389
207.57720,226.49039
207.77720,226.55685
207.97720,226.62326
208.17720,226.68964
208.37720,226.75598
208.57720,226.82227
208.77720,226.88853
208.97720,226.95475
209.17720,227.02093
209.37720,227.08707
209.57720,227.15317
209.77720,227.21923
209.97720,227.28525
210.17720,227.35123
210.37720,227.41717
210.57720,227.48307
210.77720,227.54893
210.97720,227.61476
211.17720,227.68054
211.37720,227.74629
211.57720,227.81200
211.77720,227.87766
211.97720,227.94329
212.17720,228.00888
212.37720,228.07443
212.57720,228.13994
212.77720,228.20542
212.97720,228.27085
213.17720,228.33625
213.37720,228.40160
213.57720,228.46692
213.77720,228.53220
213.97720,228.59744
214.17720,228.66264
214.37720,228.72781
214.57720,228.79293
214.77720,228.85802
214.97720,228.92307
215.17720,228.98808
215.37720,229.05305
215.57720,229.11799
215.77720,229.18289
215.97720,229.24774
216.17720,229.31256
216.37720,229.37735
216.57720,229.44209
216.77720,229.50680
216.97720,229.57147
217.17720,229.63610
217.37720,229.70069
217.57720,229.76524
217.77720,229.82976
217.97720,229.89424
218.17720,229.95868
218.37720,230.02309
218.57720,230.08745
218.77720,230.15178
218.97720,230.21607
219.17720,230.28033
219.37720,230.34455
219.57720,230.40873
219.77720,230.47287
219.97720,230.53697
220.17720,230.60104
220.37720,230.66507
220.57720,230.72907
220.77720,230.79302
220.97720,230.85694
221.17720,230.92083
221.37720,230.98467
221.57720,231.04848
221.77720,231.11225
221.97720,231.17599
222.17720,231.23969
222.37720,231.30335
222.57720,231.36697
222.77720,231.43056
222.97720,231.49411
223.17720,231.55763
223.37720,231.62111
223.57720,231.68455
223.77720,231.74795
223.97720,231.81132
224.17720,231.87466
224.37720,231.93795
224.57720,232.00121
224.77720,232.06444
224.97720,232.12762
225.17720,232.19078
225.37720,232.25389
225.57720,232.31697
225.77720,232.38001
225.97720,232.44302
226.17720,232.50599
226.37720,232.56893
226.57720,232.63183
226.77720,232.69469
226.97720,232.75752
227.17720,232.82031
227.37720,232.88306
227.57720,232.94579
227.77720,233.00847
227.97720,233.07112
228.17720,233.13373
228.37720,233.19631
228.57720,233.25885
228.77720,233.32136
228.97720,233.38383
229.17720,233.44627
229.37720,233.50867
229.57720,233.57103
229.77720,233.63336
229.97720,233.69566
230.17720,233.75792
230.37720,233.82014
230.57720,233.88233
230.77720,233.94449
230.97720,234.00661
231.17720,234.06869
231.37720,234.13074
231.57720,234.19275
231.77720,234.25473
231.97720,234.31668
232.17720,234.37859
232.37720,234.44046
232.57720,234.50230
232.77720,234.56411
232.97720,234.62588
233.17720,234.68762
233.37720,234.74932
233.57720,234.81099
233.77720,234.87262
233.97720,234.93422
234.17720,234.99578
234.37720,235.05731
234.57720,235.11880
234.77720,235.18026
234.97720,235.24169
235.17720,235.30308
235.37720,235.36444
235.57720,235.42576
235.77720,235.48705
235.97720,235.54831
236.17720,235.60953
236.37720,235.67072
236.57720,235.73187
236.77720,235.79299
236.97720,235.85407
237.17720,235.91512
237.37720,235.97614
237.57720,236.03713
237.77720,236.09807
237.97720,236.15899
238.17720,236.21987
238.37720,236.28072
238.57720,236.34154
238.77720,236.40232
238.97720,236.46306
239.17720,236.52378
239.37720,236.58446
239.57720,236.64511
239.77720,236.70572
239.97720,236.76630
240.17720,236.82685
240.37720,236.88736
240.57720,236.94784
240.77720,237.00829
240.97720,237.06870
241.17720,237.12908
241.37720,237.18943
241.57720,237.24974
241.77720,237.31002
241.97720,237.37027
242.17720,237.43049
242.37720,237.49067
242.57720,237.55082
242.77720,237.61093
242.97720,237.67102
243.17720,237.73107
243.37720,237.79108
243.57720,237.85107
243.77720,237.91102
243.97720,237.97094
244.17720,238.03083
244.37720,238.09068
244.57720,238.15050
244.77720,238.21029
244.97720,238.27005
245.17720,238.32977
245.37720,238.38946
245.57720,238.44912
245.77720,238.50875
245.97720,238.56834
246.17720,238.62790
246.37720,238.68743
246.57720,238.74693
246.77720,238.80639
246.97720,238.86582
247.17720,238.92522
247.37720,238.98459
247.57720,239.04393
247.77720,239.10323
247.97720,239.16250
248.17720,239.22174
248.37720,239.28095
248.57720,239.34013
248.77720,239.39927
248.97720,239.45838
249.17720,239.51746
249.37720,239.57651
249.57720,239.63553
249.77720,239.69451
249.97720,239.75346
250.17720,239.81238
250.37720,239.87127
250.57720,239.93013
250.77720,239.98896
250.97720,240.04775
251.17720,240.10652
251.37720,240.16525
251.57720,240.22395
251.77720,240.28262
251.97720,240.34125
252.17720,240.39986
252.37720,240.45843
252.57720,240.51698
252.77720,240.57549
252.97720,240.63397
253.17720,240.69242
253.37720,240.75084
253.57720,240.80922
253.77720,240.86758
253.97720,240.92590
254.17720,240.98420
254.37720,241.04246
254.57720,241.10069
254.77720,241.15889
254.97720,241.21706
255.17720,241.27520
255.37720,241.33331
255.57720,241.39139
255.77720,241.44943
255.97720,241.50745
256.17720,241.56543
256.37720,241.62338
256.57720,241.68131
256.77720,241.73920
256.97720,241.79706
257.17720,241.85489
257.37720,241.91269
257.57720,241.97046
257.77720,242.02820
257.97720,242.08591
258.17720,242.14359
258.37720,242.20124
258.57720,242.25886
258.77720,242.31644
258.97720,242.37400
259.17720,242.43153
259.37720,242.48902
259.57720,242.54649
259.77720,242.60393
259.97720,242.66133
260.17720,242.71871
260.37720,242.77605
260.57720,242.83337
260.77720,242.89065
260.97720,242.94791
261.17720,243.00513
261.37720,243.06233
261.57720,243.11949
261.77720,243.17663
261.97720,243.23373
262.17720,243.29081
262.37720,243.34786
262.57720,243.40487
262.77720,243.46186
262.97720,243.51881
263.17720,243.57574
263.37720,243.63264
263.57720,243.68950
263.77720,243.74634
263.97720,243.80315
264.17720,243.85993
264.37720,243.91668
264.57720,243.97340
264.77720,244.03009
264.97720,244.08675
265.17720,244.14338
265.37720,244.19998
265.57720,244.25655
265.77720,244.31309
265.97720,244.36961
266.17720,244.42609
266.37720,244.48254
266.57720,244.53897
266.77720,244.59537
266.97720,244.65173
267.17720,244.70807
267.37720,244.76438
267.57720,244.82066
267.77720,244.87691
267.97720,244.93313
268.17720,244.98932
268.37720,245.04549
268.57720,245.10162
268.77720,245.15773
268.97720,245.21380
269.17720,245.26985
269.37720,245.32587
269.57720,245.38186
269.77720,245.43782
269.97720,245.49375
270.17720,245.54966
270.37720,245.60553
270.57720,245.66138
270.77720,245.71720
270.97720,245.77299
271.17720,245.82875
271.37720,245.88448
271.57720,245.94018
271.77720,245.99586
271.97720,246.05150
272.17720,246.10712
272.37720,246.16271
272.57720,246.21827
272.77720,246.27380
272.97720,246.32931
273.17720,246.38478
273.37720,246.44023
273.57720,246.49565
273.77720,246.55104
273.97720,246.60640
274.17720,246.66174
274.37720,246.71704
274.57720,246.77232
274.77720,246.82757
274.97720,246.88279
275.17720,246.93798
275.37720,246.99315
275.57720,247.04829
275.77720,247.10340
275.97720,247.15848
276.17720,247.21353
276.37720,247.26856
276.57720,247.32356
276.77720,247.37853
276.97720,247.43347
277.17720,247.48838
277.37720,247.54327
277.57720,247.59813
277.77720,247.65296
277.97720,247.70776
278.17720,247.76254
278.37720,247.81728
278.57720,247.87200
278.77720,247.92670
278.97720,247.98136
279.17720,248.03600
279.37720,248.09061
279.57720,248.14519
279.77720,248.19975
279.97720,248.25427
280.17720,248.30877
280.37720,248.36325
280.57720,248.41769
280.77720,248.47211
280.97720,248.52650
281.17720,248.58086
281.37720,248.63520
281.57720,248.68951
281.77720,248.74379
281.97720,248.79804
282.17720,248.85227
282.37720,248.90647
282.57720,248.96064
282.77720,249.01479
282.97720,249.06891
283.17720,249.12300
283.37720,249.17706
283.57720,249.23110
283.77720,249.28511
283.97720,249.33909
284.17720,249.39305
284.37720,249.44698
284.57720,249.50088
284.77720,249.55476
284.97720,249.60860
285.17720,249.66243
285.37720,249.71622
285.57720,249.76999
285.77720,249.82373
285.97720,249.87745
286.17720,249.93113
286.37720,249.98480
286.57720,250.03843
286.77720,250.09204
286.97720,250.14562
287.17720,250.19918
287.37720,250.25270
287.57720,250.30621
287.77720,250.35968
287.97720,250.41313
288.17720,250.46655
288.37720,250.51995
288.57720,250.57332
288.77720,250.62666
288.97720,250.67998
289.17720,250.73327
289.37720,250.78653
289.57720,250.83977
289.77720,250.89298
289.97720,250.94617
290.17720,250.99933
290.37720,251.05246
290.57720,251.10557
290.77720,251.15865
290.97720,251.21170
291.17720,251.26473
291.37720,251.31773
291.57720,251.37071
291.77720,251.42366
291.97720,251.47658
292.17720,251.52948
292.37720,251.58235
292.57720,251.63520
292.77720,251.68802
292.97720,251.74081
293.17720,251.79358
293.37720,251.84632
293.57720,251.89904
293.77720,251.95173
293.97720,252.00440
294.17720,252.05704
294.37720,252.10965
294.57720,252.16224
294.77720,252.21480
294.97720,252.26734
295.17720,252.31985
295.37720,252.37233
295.57720,252.42479
295.77720,252.47723
295.97720,252.52963
296.17720,252.58202
296.37720,252.63437
296.57720,252.68671
296.77720,252.73901
296.97720,252.79129
297.17720,252.84355
297.37720,252.89578
297.57720,252.94798
297.77720,253.00016
297.97720,253.05232
298.17720,253.10445
298.37720,253.15655
298.57720,253.20863
298.77720,253.26068
298.97720,253.31271
299.17720,253.36471
299.37720,253.41669
299.57720,253.46864
299.77720,253.52057
299.97720,253.57247
300.17720,253.62435
300.37720,253.67620
300.57720,253.72802
300.77720,253.77982
300.97720,253.83160
301.17720,253.88335
301.37720,253.93508
301.57720,253.98678
301.77720,254.03846
301.97720,254.09011
302.17720,254.14174
302.37720,254.19334
302.57720,254.24492
302.77720,254.29647
302.97720,254.34799
303.17720,254.39950
303.37720,254.45098
303.57720,254.50243
303.77720,254.55386
303.97720,254.60526
304.17720,254.65664
304.37720,254.70799
304.57720,254.75932
304.77720,254.81063
304.97720,254.86191
305.17720,254.91317
305.37720,254.96440
305.57720,255.01560
305.77720,255.06679
305.97720,255.11795
306.17720,255.16908
306.37720,255.22019
306.57720,255.27127
306.77720,255.32233
306.97720,255.37337
307.17720,255.42438
307.37720,255.47537
307.57720,255.52633
307.77720,255.57727
307.97720,255.62818
308.17720,255.67907
308.37720,255.72994
308.57720,255.78078
308.77720,255.83160
308.97720,255.88239
309.17720,255.93316
309.37720,255.98390
309.57720,256.03463
309.77720,256.08532
309.97720,256.13599
310.17720,256.18664
310.37720,256.23727
310.57720,256.28787
310.77720,256.33844
310.97720,256.38900
311.17720,256.43953
311.37720,256.49003
311.57720,256.54051
311.77720,256.59097
311.97720,256.64140
312.17720,256.69181
312.37720,256.74220
312.57720,256.79256
312.77720,256.84289
312.97720,256.89321
313.17720,256.94350
313.37720,256.99376
313.57720,257.04401
313.77720,257.09423
313.97720,257.14442
314.17720,257.19459
314.37720,257.24474
314.57720,257.29487
314.77720,257.34497
314.97720,257.39504
315.17720,257.44510
315.37720,257.49513
315.57720,257.54513
315.77720,257.59512
315.97720,257.64508
316.17720,257.69501
316.37720,257.74493
316.57720,257.79481
316.77720,257.84468
316.97720,257.89452
317.17720,257.94434
317.37720,257.99414
317.57720,258.04391
317.77720,258.09366
317.97720,258.14339
318.17720,258.19309
318.37720,258.24277
318.57720,258.29242
318.77720,258.34206
318.97720,258.39167
319.17720,258.44125
319.37720,258.49082
319.57720,258.54036
319.77720,258.58987
319.97720,258.63937
320.17720,258.68884
320.37720,258.73829
320.57720,258.78771
320.77720,258.83711
320.97720,258.88649
321.17720,258.93585
321.37720,258.98518
321.57720,259.03449
321.77720,259.08378
321.97720,259.13304
322.17720,259.18228
322.37720,259.23150
322.57720,259.28070
322.77720,259.32987
322.97720,259.37902
323.17720,259.42815
323.37720,259.47725
323.57720,259.52633
323.77720,259.57539
323.97720,259.62443
324.17720,259.67344
324.37720,259.72243
324.57720,259.77140
324.77720,259.82034
324.97720,259.86927
325.17720,259.91817
325.37720,259.96704
325.57720,260.01590
325.77720,260.06473
325.97720,260.11354
326.17720,260.16233
326.37720,260.21109
326.57720,260.25983
326.77720,260.30855
326.97720,260.35725
327.17720,260.40593
327.37720,260.45458
327.57720,260.50321
327.77720,260.55182
327.97720,260.60040
328.17720,260.64896
328.37720,260.69751
328.57720,260.74602
328.77720,260.79452
328.97720,260.84299
329.17720,260.89144
329.37720,260.93987
329.57720,260.98828
329.77720,261.03667
329.97720,261.08503
330.17720,261.13337
330.37720,261.18169
330.57720,261.22998
330.77720,261.27826
330.97720,261.32651
331.17720,261.37474
331.37720,261.42295
331.57720,261.47113
331.77720,261.51930
331.97720,261.56744
332.17720,261.61556
332.37720,261.66366
332.57720,261.71173
332.77720,261.75979
332.97720,261.80782
333.17720,261.85583
333.37720,261.90382
333.57720,261.95178
333.77720,261.99973
333.97720,262.04765
334.17720,262.09555
334.37720,262.14343
334.57720,262.19129
334.77720,262.23912
334.97720,262.28694
335.17720,262.33473
335.37720,262.38250
335.57720,262.43025
335.77720,262.47798
335.97720,262.52568
336.17720,262.57336
336.37720,262.62103
336.57720,262.66867
336.77720,262.71629
336.97720,262.76388
337.17720,262.81146
337.37720,262.85901
337.57720,262.90655
337.77720,262.95406
337.97720,263.00155
338.17720,263.04901
338.37720,263.09646
338.57720,263.14389
338.77720,263.19129
338.97720,263.23867
339.17720,263.28603
339.37720,263.33337
339.57720,263.38069
339.77720,263.42799
339.97720,263.47526
340.17720,263.52252
340.37720,263.56975
340.57720,263.61696
340.77720,263.66415
340.97720,263.71132
341.17720,263.75847
341.37720,263.80560
341.57720,263.85270
341.77720,263.89979
341.97720,263.94685
342.17720,263.99389
342.37720,264.04091
342.57720,264.08791
342.77720,264.13489
342.97720,264.18185
343.17720,264.22878
343.37720,264.27570
343.57720,264.32259
343.77720,264.36947
343.97720,264.41632
344.17720,264.46315
344.37720,264.50996
344.57720,264.55675
344.77720,264.60352
344.97720,264.65027
345.17720,264.69699
345.37720,264.74370
345.57720,264.79038
345.77720,264.83705
345.97720,264.88369
346.17720,264.93031
346.37720,264.97692
346.57720,265.02350
346.77720,265.07006
346.97720,265.11660
347.17720,265.16311
347.37720,265.20961
347.57720,265.25609
347.77720,265.30255
347.97720,265.34898
348.17720,265.39540
348.37720,265.44179
348.57720,265.48817
348.77720,265.53452
348.97720,265.58085
349.17720,265.62716
349.37720,265.67345
349.57720,265.71972
349.77720,265.76598
349.97720,265.81220
350.17720,265.85841
350.37720,265.90460
350.57720,265.95077
350.77720,265.99692
350.97720,266.04305
351.17720,266.08915
351.37720,266.13524
351.57720,266.18131
351.77720,266.22735
351.97720,266.27338
352.17720,266.31938
352.37720,266.36537
352.57720,266.41133
352.77720,266.45727
352.97720,266.50320
353.17720,266.54910
353.37720,266.59498
353.57720,266.64085
353.77720,266.68669
353.97720,266.73251
354.17720,266.77832
354.37720,266.82410
354.57720,266.86986
354.77720,266.91560
354.97720,266.96132
355.17720,267.00702
355.37720,267.05270
355.57720,267.09837
355.77720,267.14401
355.97720,267.18963
356.17720,267.23523
356.37720,267.28081
356.57720,267.32637
356.77720,267.37191
356.97720,267.41743
357.17720,267.46293
357.37720,267.50841
357.57720,267.55388
357.77720,267.59932
357.97720,267.64474
358.17720,267.69014
358.37720,267.73552
358.57720,267.78088
358.77720,267.82622
358.97720,267.87155
359.17720,267.91685
359.37720,267.96213
359.57720,268.00739
359.77720,268.05263
359.97720,268.09786
360.17720,268.14306
360.37720,268.18824
360.57720,268.23341
360.77720,268.27855
360.97720,268.32367
361.17720,268.36878
361.37720,268.41386
361.57720,268.45893
361.77720,268.50397
361.97720,268.54900
362.17720,268.59401
362.37720,268.63899
362.57720,268.68396
362.77720,268.72891
362.97720,268.77384
363.17720,268.81874
363.37720,268.86363
363.57720,268.90850
363.77720,268.95335
363.97720,268.99818
364.17720,269.04299
364.37720,269.08778
364.57720,269.13256
364.77720,269.17731
364.97720,269.22204
365.17720,269.26676
365.37720,269.31145
365.57720,269.35612
365.77720,269.40078
365.97720,269.44542
366.17720,269.49003
366.37720,269.53463
366.57720,269.57921
366.77720,269.62377
366.97720,269.66831
367.17720,269.71283
367.37720,269.75733
367.57720,269.80181
367.77720,269.84627
367.97720,269.89072
368.17720,269.93514
368.37720,269.97955
368.57720,270.02393
368.77720,270.06830
368.97720,270.11265
369.17720,270.15698
369.37720,270.20129
369.57720,270.24558
369.77720,270.28985
369.97720,270.33410
370.17720,270.37833
370.37720,270.42255
370.57720,270.46674
370.77720,270.51092
370.97720,270.55508
371.17720,270.59921
371.37720,270.64333
371.57720,270.68743
371.77720,270.73151
371.97720,270.77558
372.17720,270.81962
372.37720,270.86364
372.57720,270.90765
372.77720,270.95164
372.97720,270.99560
373.17720,271.03955
373.37720,271.08348
373.57720,271.12740
373.77720,271.17129
373.97720,271.21516
374.17720,271.25902
374.37720,271.30285
374.57720,271.34667
374.77720,271.39047
374.97720,271.43425
375.17720,271.47801
375.37720,271.52175
375.57720,271.56548
375.77720,271.60918
375.97720,271.65287
376.17720,271.69654
376.37720,271.74019
376.57720,271.78382
376.77720,271.82743
376.97720,271.87102
377.17720,271.91460
377.37720,271.95815
377.57720,272.00169
377.77720,272.04521
377.97720,272.08871
378.17720,272.13219
378.37720,272.17566
378.57720,272.21910
378.77720,272.26253
378.97720,272.30594
379.17720,272.34933
379.37720,272.39270
379.57720,272.43605
379.77720,272.47938
379.97720,272.52270
380.17720,272.56600
380.37720,272.60928
380.57720,272.65254
380.77720,272.69578
380.97720,272.73900
381.17720,272.78221
381.37720,272.82540
381.57720,272.86857
381.77720,272.91172
381.97720,272.95485
382.17720,272.99797
382.37720,273.04106
382.57720,273.08414
382.77720,273.12720
382.97720,273.17024
383.17720,273.21326
383.37720,273.25627
383.57720,273.29926
383.77720,273.34223
383.97720,273.38518
384.17720,273.42811
384.37720,273.47102
384.57720,273.51392
384.77720,273.55680
384.97720,273.59966
385.17720,273.64250
385.37720,273.68532
385.57720,273.72813
385.77720,273.77092
385.97720,273.81369
386.17720,273.85644
386.37720,273.89917
386.57720,273.94189
386.77720,273.98459
386.97720,274.02727
387.17720,274.06993
387.37720,274.11257
387.57720,274.15520
387.77720,274.19781
387.97720,274.24040
388.17720,274.28297
388.37720,274.32553
388.57720,274.36806
388.77720,274.41058
388.97720,274.45308
389.17720,274.49557
389.37720,274.53803
389.57720,274.58048
389.77720,274.62291
389.97720,274.66532
390.17720,274.70772
390.37720,274.75009
390.57720,274.79245
390.77720,274.83479
390.97720,274.87712
391.17720,274.91942
391.37720,274.96171
391.57720,275.00398
391.77720,275.04623
391.97720,275.08847
392.17720,275.13069
392.37720,275.17289
392.57720,275.21507
392.77720,275.25723
392.97720,275.29938
393.17720,275.34151
393.37720,275.38362
393.57720,275.42572
393.77720,275.46779
393.97720,275.50985
394.17720,275.55189
394.37720,275.59392
394.57720,275.63593
394.77720,275.67791
394.97720,275.71989
395.17720,275.76184
395.37720,275.80378
395.57720,275.84570
395.77720,275.88760
395.97720,275.92948
396.17720,275.97135
396.37720,276.01320
396.57720,276.05503
396.77720,276.09685
396.97720,276.13865
397.17720,276.18043
397.37720,276.22219
397.57720,276.26394
397.77720,276.30566
397.97720,276.34737
398.17720,276.38907
398.37720,276.43075
398.57720,276.47240
398.77720,276.51405
398.97720,276.55567
399.17720,276.59728
399.37720,276.63887
399.57720,276.68044
399.77720,276.72200
399.97720,276.76354
400.17720,276.80506
400.37720,276.84656
400.57720,276.88805
400.77720,276.92952
400.97720,276.97097
401.17720,277.01241
401.37720,277.05383
401.57720,277.09523
401.77720,277.13662
401.97720,277.17798
402.17720,277.21933
402.37720,277.26067
402.57720,277.30198
402.77720,277.34328
402.97720,277.38457
403.17720,277.42583
403.37720,277.46708
403.57720,277.50831
403.77720,277.54953
403.97720,277.59072
404.17720,277.63191
404.37720,277.67307
404.57720,277.71422
404.77720,277.75535
404.97720,277.79646
405.17720,277.83756
405.37720,277.87863
405.57720,277.91970
405.77720,277.96074
405.97720,278.00177
406.17720,278.04278
406.37720,278.08378
406.57720,278.12476
406.77720,278.16572
406.97720,278.20666
407.17720,278.24759
407.37720,278.28850
407.57720,278.32940
407.77720,278.37027
407.97720,278.41114
408.17720,278.45198
408.37720,278.49281
408.57720,278.53362
408.77720,278.57441
408.97720,278.61519
409.17720,278.65595
409.37720,278.69670
409.57720,278.73742
409.77720,278.77813
409.97720,278.81883
410.17720,278.85951
410.37720,278.90017
410.57720,278.94081
410.77720,278.98144
410.97720,279.02205
411.17720,279.06265
411.37720,279.10322
411.57720,279.14379
411.77720,279.18433
411.97720,279.22486
412.17720,279.26537
412.37720,279.30587
412.57720,279.34635
412.77720,279.38681
412.97720,279.42726
413.17720,279.46769
413.37720,279.50810
413.57720,279.54850
413.77720,279.58888
413.97720,279.62924
414.17720,279.66959
414.37720,279.70992
414.57720,279.75024
414.77720,279.79054
414.97720,279.83082
415.17720,279.87108
415.37720,279.91133
415.57720,279.95157
415.77720,279.99178
415.97720,280.03198
416.17720,280.07217
416.37720,280.11234
416.57720,280.15249
416.77720,280.19263
416.97720,280.23275
417.17720,280.27285
417.37720,280.31294
417.57720,280.35301
417.77720,280.39306
417.97720,280.43310
418.17720,280.47312
418.37720,280.51313
418.57720,280.55312
418.77720,280.59309
418.97720,280.63305
419.17720,280.67299
419.37720,280.71292
419.57720,280.75283
419.77720,280.79272
419.97720,280.83260
420.17720,280.87246
420.37720,280.91230
420.57720,280.95213
420.77720,280.99194
420.97720,281.03174
421.17720,281.07152
421.37720,281.11129
421.57720,281.15103
421.77720,281.19077
421.97720,281.23048
422.17720,281.27019
422.37720,281.30987
422.57720,281.34954
422.77720,281.38919
422.97720,281.42883
423.17720,281.46845
423.37720,281.50806
423.57720,281.54765
423.77720,281.58722
423.97720,281.62678
424.17720,281.66632
424.37720,281.70584
424.57720,281.74535
424.77720,281.78485
424.97720,281.82433
425.17720,281.86379
425.37720,281.90324
425.57720,281.94267
425.77720,281.98208
425.97720,282.02148
426.17720,282.06086
426.37720,282.10023
426.57720,282.13958
426.77720,282.17892
426.97720,282.21824
427.17720,282.25755
427.37720,282.29683
427.57720,282.33611
427.77720,282.37537
427.97720,282.41461
428.17720,282.45383
428.37720,282.49304
428.57720,282.53224
428.77720,282.57142
428.97720,282.61058
429.17720,282.64973
429.37720,282.68886
429.57720,282.72798
429.77720,282.76708
429.97720,282.80617
430.17720,282.84524
430.37720,282.88429
430.57720,282.92333
430.77720,282.96236
430.97720,283.00136
431.17720,283.04036
431.37720,283.07933
431.57720,283.11829
431.77720,283.15724
431.97720,283.19617
432.17720,283.23509
432.37720,283.27399
432.57720,283.31287
432.77720,283.35174
432.97720,283.39059
433.17720,283.42943
433.37720,283.46825
433.57720,283.50706
433.77720,283.54585
433.97720,283.58463
434.17720,283.62339
434.37720,283.66213
434.57720,283.70086
434.77720,283.73958
434.97720,283.77828
435.17720,283.81696
435.37720,283.85563
435.57720,283.89428
435.77720,283.93292
435.97720,283.97154
436.17720,284.01015
436.37720,284.04874
436.57720,284.08732
436.77720,284.12588
436.97720,284.16443
437.17720,284.20296
437.37720,284.24148
437.57720,284.27998
437.77720,284.31846
437.97720,284.35693
438.17720,284.39539
438.37720,284.43383
438.57720,284.47225
438.77720,284.51066
438.97720,284.54906
439.17720,284.58744
439.37720,284.62580
439.57720,284.66415
439.77720,284.70248
439.97720,284.74080
440.17720,284.77911
440.37720,284.81739
440.57720,284.85567
440.77720,284.89393
440.97720,284.93217
441.17720,284.97040
441.37720,285.00861
441.57720,285.04681
441.77720,285.08499
441.97720,285.12316
442.17720,285.16132
442.37720,285.19945
442.57720,285.23758
442.77720,285.27569
442.97720,285.31378
443.17720,285.35186
443.37720,285.38992
443.57720,285.42797
443.77720,285.46600
443.97720,285.50402
444.17720,285.54203
444.37720,285.58002
444.57720,285.61799
444.77720,285.65595
444.97720,285.69389
445.17720,285.73182
445.37720,285.76974
445.57720,285.80764
445.77720,285.84552
445.97720,285.88339
446.17720,285.92125
446.37720,285.95909
446.57720,285.99691
446.77720,286.03472
446.97720,286.07252
447.17720,286.11030
447.37720,286.14807
447.57720,286.18582
447.77720,286.22356
447.97720,286.26128
448.17720,286.29899
448.37720,286.33668
448.57720,286.37436
448.77720,286.41202
448.97720,286.44967
449.17720,286.48730
449.37720,286.52492
449.57720,286.56253
449.77720,286.60012
449.97720,286.63769
450.17720,286.67525
450.37720,286.71280
450.57720,286.75033
450.77720,286.78785
450.97720,286.82535
451.17720,286.86284
451.37720,286.90031
451.57720,286.93777
451.77720,286.97521
451.97720,287.01264
452.17720,287.05006
452.37720,287.08746
452.57720,287.12484
452.77720,287.16221
452.97720,287.19957
453.17720,287.23691
453.37720,287.27424
453.57720,287.31155
453.77720,287.34885
453.97720,287.38614
454.17720,287.42341
454.37720,287.46066
454.57720,287.49790
454.77720,287.53513
454.97720,287.57234
455.17720,287.60954
455.37720,287.64672
455.57720,287.68389
455.77720,287.72104
455.97720,287.75818
456.17720,287.79531
456.37720,287.83242
456.57720,287.86952
456.77720,287.90660
456.97720,287.94367
457.17720,287.98072
457.37720,288.01776
457.57720,288.05479
457.77720,288.09180
457.97720,288.12879
458.17720,288.16578
458.37720,288.20274
458.57720,288.23970
458.77720,288.27664
458.97720,288.31356
459.17720,288.35047
459.37720,288.38737
459.57720,288.42425
459.77720,288.46112
459.97720,288.49797
460.17720,288.53481
460.37720,288.57164
460.57720,288.60845
460.77720,288.64525
460.97720,288.68203
461.17720,288.71880
461.37720,288.75555
461.57720,288.79229
461.77720,288.82902
461.97720,288.86573
462.17720,288.90243
462.37720,288.93911
462.57720,288.97578
462.77720,289.01244
462.97720,289.04908
463.17720,289.08571
463.37720,289.12232
463.57720,289.15892
463.77720,289.19551
463.97720,289.23208
464.17720,289.26864
464.37720,289.30518
464.57720,289.34171
464.77720,289.37822
464.97720,289.41472
465.17720,289.45121
465.37720,289.48768
465.57720,289.52414
465.77720,289.56059
465.97720,289.59702
466.17720,289.63344
466.37720,289.66984
466.57720,289.70623
466.77720,289.74261
466.97720,289.77897
467.17720,289.81531
467.37720,289.85165
467.57720,289.88797
467.77720,289.92427
467.97720,289.96057
468.17720,289.99684
468.37720,290.03311
468.57720,290.06936
468.77720,290.10559
468.97720,290.14182
469.17720,290.17803
469.37720,290.21422
469.57720,290.25040
469.77720,290.28657
469.97720,290.32272
470.17720,290.35886
470.37720,290.39499
470.57720,290.43110
470.77720,290.46720
470.97720,290.50328
471.17720,290.53935
471.37720,290.57541
471.57720,290.61145
471.77720,290.64748
471.97720,290.68350
472.17720,290.71950
472.37720,290.75549
472.57720,290.79147
472.77720,290.82743
472.97720,290.86337
473.17720,290.89931
473.37720,290.93523
473.57720,290.97113
473.77720,291.00703
473.97720,291.04290
474.17720,291.07877
474.37720,291.11462
474.57720,291.15046
474.77720,291.18628
474.97720,291.22210
475.17720,291.25789
475.37720,291.29368
475.57720,291.32945
475.77720,291.36520
475.97720,291.40095
476.17720,291.43668
476.37720,291.47239
476.57720,291.50809
476.77720,291.54378
476.97720,291.57946
477.17720,291.61512
477.37720,291.65077
477.57720,291.68640
477.77720,291.72202
477.97720,291.75763
478.17720,291.79322
478.37720,291.82881
478.57720,291.86437
478.77720,291.89993
478.97720,291.93547
479.17720,291.97099
479.37720,292.00651
479.57720,292.04201
479.77720,292.07749
479.97720,292.11297
480.17720,292.14843
480.37720,292.18387
480.57720,292.21931
480.77720,292.25472
480.97720,292.29013
481.17720,292.32552
481.37720,292.36090
481.57720,292.39627
481.77720,292.43162
481.97720,292.46696
482.17720,292.50229
482.37720,292.53760
482.57720,292.57290
482.77720,292.60819
482.97720,292.64346
