Temperature (K),Pressure (MPa),Density (kg/m3),Volume (m3/kg),Internal Energy (kJ/mol),Enthalpy (kJ/mol),Entropy (J/mol*K),Cv (J/mol*K),Cp (J/mol*K),Sound Spd. (m/s),Joule-Thomson (K/MPa),Viscosity (uPa*s),Therm. Cond. (W/m*K),Phase
13.957,2.568,78.993,0.012659,-0.11707,-0.051538,-6.8376,10.493,13.652,1346.2,-1.6351,30.258,0.099353,liquid
14.875,2.568,78.332,0.012766,-0.10492,-0.038837,-5.9564,10.548,14.048,1332.1,-1.5769,27.01,0.10109,liquid
15.181,2.568,78.106,0.012803,-0.10079,-0.03451,-5.6685,10.594,14.22,1327.2,-1.5531,26.068,0.10163,liquid
15.488,2.568,77.877,0.012841,-0.096603,-0.03013,-5.3828,10.645,14.404,1322.2,-1.5285,25.185,0.10215,liquid
15.794,2.568,77.645,0.012879,-0.092363,-0.025691,-5.099,10.699,14.595,1317.1,-1.5032,24.355,0.10265,liquid
16.1,2.568,77.411,0.012918,-0.088067,-0.021193,-4.817,10.754,14.793,1312,-1.4777,23.573,0.10313,liquid
16.406,2.568,77.173,0.012958,-0.083714,-0.016634,-4.5364,10.809,14.996,1306.8,-1.4521,22.834,0.10359,liquid
16.712,2.568,76.932,0.012999,-0.079302,-0.012012,-4.2573,10.864,15.203,1301.6,-1.4265,22.136,0.10403,liquid
17.018,2.568,76.687,0.01304,-0.074831,-0.0073257,-3.9795,10.918,15.413,1296.3,-1.401,21.474,0.10445,liquid
17.324,2.568,76.439,0.013082,-0.070299,-0.002575,-3.7028,10.971,15.626,1290.9,-1.3756,20.847,0.10485,liquid
17.63,2.568,76.187,0.013126,-0.065707,0.0022414,-3.4272,11.023,15.842,1285.4,-1.3504,20.251,0.10523,liquid
17.937,2.568,75.932,0.01317,-0.061052,0.0071245,-3.1526,11.073,16.061,1279.8,-1.3252,19.684,0.10559,liquid
18.243,2.568,75.674,0.013215,-0.056334,0.012075,-2.879,11.122,16.284,1274.1,-1.3002,19.143,0.10593,liquid
18.549,2.568,75.411,0.013261,-0.051553,0.017094,-2.6061,11.171,16.509,1268.4,-1.2753,18.628,0.10625,liquid
18.855,2.568,75.145,0.013308,-0.046708,0.022183,-2.334,11.218,16.737,1262.5,-1.2505,18.137,0.10655,liquid
19.161,2.568,74.875,0.013356,-0.041797,0.027342,-2.0626,11.265,16.97,1256.5,-1.2257,17.667,0.10683,liquid
19.467,2.568,74.601,0.013405,-0.036821,0.032572,-1.7918,11.311,17.205,1250.3,-1.201,17.217,0.10709,liquid
19.773,2.568,74.323,0.013455,-0.031777,0.037876,-1.5215,11.357,17.445,1244.1,-1.1763,16.787,0.10733,liquid
20.079,2.568,74.04,0.013506,-0.026665,0.043253,-1.2516,11.402,17.688,1237.8,-1.1517,16.374,0.10755,liquid
20.385,2.568,73.754,0.013559,-0.021484,0.048706,-0.98213,11.446,17.936,1231.3,-1.127,15.978,0.10775,liquid
20.692,2.568,73.463,0.013612,-0.016233,0.054234,-0.71293,11.49,18.188,1224.7,-1.1024,15.598,0.10793,liquid
20.998,2.568,73.169,0.013667,-0.01091,0.059841,-0.44396,11.533,18.444,1217.9,-1.0776,15.233,0.10809,liquid
21.304,2.568,72.869,0.013723,-0.0055151,0.065527,-0.17513,11.576,18.706,1211.1,-1.0529,14.882,0.10824,liquid
21.61,2.568,72.565,0.013781,-4.59E-05,0.071294,0.093632,11.619,18.972,1204.1,-1.028,14.544,0.10836,liquid
21.916,2.568,72.257,0.01384,0.0054985,0.077143,0.36239,11.661,19.243,1197,-1.0031,14.218,0.10846,liquid
22.222,2.568,71.943,0.0139,0.011119,0.083076,0.63123,11.703,19.521,1189.8,-0.978,13.904,0.10855,liquid
22.528,2.568,71.625,0.013962,0.016818,0.089095,0.90023,11.744,19.803,1182.4,-0.95279,13.601,0.10861,liquid
22.834,2.568,71.302,0.014025,0.022597,0.095201,1.1694,11.785,20.092,1174.9,-0.92741,13.309,0.10866,liquid
23.141,2.568,70.973,0.01409,0.028457,0.1014,1.439,11.825,20.388,1167.2,-0.90183,13.026,0.10868,liquid
23.447,2.568,70.639,0.014156,0.034399,0.10768,1.7089,11.865,20.69,1159.5,-0.87604,12.753,0.10869,liquid
23.753,2.568,70.3,0.014225,0.040426,0.11406,1.9792,11.904,20.999,1151.5,-0.85001,12.488,0.10868,liquid
24.059,2.568,69.955,0.014295,0.046539,0.12054,2.2501,11.943,21.315,1143.5,-0.82369,12.231,0.10865,liquid
24.365,2.568,69.604,0.014367,0.052741,0.12711,2.5217,11.981,21.639,1135.3,-0.79707,11.983,0.1086,liquid
24.671,2.568,69.248,0.014441,0.059032,0.13379,2.7939,12.019,21.972,1126.9,-0.77011,11.742,0.10853,liquid
24.977,2.568,68.885,0.014517,0.065417,0.14057,3.067,12.056,22.314,1118.4,-0.74277,11.507,0.10844,liquid
25.283,2.568,68.515,0.014595,0.071895,0.14745,3.3409,12.092,22.665,1109.8,-0.71501,11.28,0.10833,liquid
25.589,2.568,68.139,0.014676,0.078472,0.15445,3.6158,12.128,23.026,1101,-0.6868,11.058,0.10821,liquid
25.896,2.568,67.756,0.014759,0.085147,0.16155,3.8918,12.163,23.397,1092,-0.65808,10.843,0.10806,liquid
26.202,2.568,67.366,0.014844,0.091926,0.16877,4.169,12.198,23.781,1082.9,-0.62881,10.633,0.10789,liquid
26.508,2.568,66.969,0.014932,0.098809,0.17611,4.4475,12.232,24.176,1073.6,-0.59894,10.428,0.10771,liquid
26.814,2.568,66.564,0.015023,0.1058,0.18357,4.7274,12.265,24.585,1064.2,-0.56842,10.228,0.1075,liquid
27.12,2.568,66.15,0.015117,0.11291,0.19116,5.0089,12.298,25.008,1054.6,-0.53718,10.033,0.10727,liquid
27.426,2.568,65.728,0.015214,0.12013,0.19889,5.2921,12.33,25.447,1044.8,-0.50517,9.842,0.10703,liquid
27.732,2.568,65.298,0.015314,0.12747,0.20675,5.577,12.361,25.902,1034.8,-0.4723,9.6552,0.10676,liquid
28.038,2.568,64.858,0.015418,0.13493,0.21475,5.8639,12.392,26.375,1024.6,-0.43851,9.4722,0.1065,liquid
28.345,2.568,64.408,0.015526,0.14252,0.22289,6.153,12.423,26.867,1014.2,-0.40372,9.2929,0.10622,liquid
28.651,2.568,63.949,0.015638,0.15024,0.2312,6.4443,12.453,27.381,1003.7,-0.36784,9.1169,0.10591,liquid
28.957,2.568,63.478,0.015753,0.15811,0.23966,6.7381,12.483,27.917,992.86,-0.33077,8.9439,0.10559,liquid
29.263,2.568,62.997,0.015874,0.16612,0.24829,7.0346,12.512,28.479,981.85,-0.2924,8.7739,0.10524,liquid
29.569,2.568,62.503,0.015999,0.17427,0.2571,7.334,12.541,29.069,970.62,-0.25262,8.6065,0.10487,liquid
29.875,2.568,61.997,0.01613,0.18259,0.26609,7.6366,12.57,29.689,959.15,-0.21131,8.4415,0.10447,liquid
30.181,2.568,61.477,0.016266,0.19107,0.27528,7.9426,12.598,30.342,947.44,-0.16832,8.2788,0.10405,liquid
30.487,2.568,60.944,0.016409,0.19973,0.28467,8.2522,12.627,31.032,935.47,-0.12349,8.118,0.10361,liquid
30.794,2.568,60.395,0.016558,0.20857,0.29428,8.5658,12.656,31.763,923.23,-0.076667,7.959,0.10314,liquid
31.1,2.568,59.83,0.016714,0.2176,0.30412,8.8838,12.684,32.538,910.72,-0.027651,7.8015,0.10265,liquid
31.406,2.568,59.248,0.016878,0.22683,0.31421,9.2065,12.713,33.364,897.93,0.023767,7.6454,0.10213,liquid
31.712,2.568,58.648,0.017051,0.23629,0.32456,9.5344,12.743,34.246,884.83,0.07782,7.4903,0.10157,liquid
32.018,2.568,58.028,0.017233,0.24597,0.33518,9.8679,12.773,35.19,871.42,0.13477,7.3362,0.10099,liquid
32.324,2.568,57.386,0.017426,0.2559,0.34611,10.207,12.804,36.203,857.69,0.19491,7.1827,0.10038,liquid
32.63,2.568,56.722,0.01763,0.26609,0.35735,10.554,12.837,37.296,843.61,0.25856,7.0297,0.099734,liquid
32.936,2.568,56.033,0.017847,0.27656,0.36895,10.907,12.87,38.477,829.19,0.32608,6.8768,0.099052,liquid
33.242,2.568,55.316,0.018078,0.28734,0.38092,11.269,12.906,39.758,814.41,0.39789,6.7239,0.098333,supercritical
33.549,2.568,54.571,0.018325,0.29844,0.3933,11.64,12.944,41.151,799.25,0.47444,6.5707,0.097574,supercritical
33.855,2.568,53.793,0.01859,0.30989,0.40613,12.021,12.984,42.673,783.72,0.55622,6.4169,0.096773,supercritical
34.161,2.568,52.981,0.018875,0.32173,0.41944,12.412,13.027,44.338,767.81,0.6438,6.2623,0.095926,supercritical
34.467,2.568,52.13,0.019183,0.33399,0.43329,12.816,13.074,46.166,751.52,0.73778,6.1066,0.095031,supercritical
34.773,2.568,51.238,0.019517,0.34669,0.44773,13.233,13.126,48.176,734.86,0.83879,5.9496,0.094083,supercritical
35.079,2.568,50.3,0.019881,0.35989,0.46281,13.664,13.182,50.386,717.88,0.94752,5.7911,0.09308,supercritical
35.385,2.568,49.313,0.020279,0.37362,0.4786,14.112,13.245,52.815,700.6,1.0646,5.6309,0.092019,supercritical
35.691,2.568,48.272,0.020716,0.38792,0.49517,14.579,13.313,55.474,683.11,1.1907,5.4688,0.090895,supercritical
35.998,2.568,47.174,0.021198,0.40285,0.51258,15.065,13.389,58.364,665.51,1.3263,5.3051,0.089705,supercritical
36.304,2.568,46.016,0.021732,0.41842,0.53092,15.572,13.472,61.466,647.96,1.4715,5.1398,0.088448,supercritical
36.61,2.568,44.796,0.022324,0.43467,0.55023,16.102,13.563,64.731,630.65,1.6263,4.9735,0.087119,supercritical
36.916,2.568,43.515,0.022981,0.45159,0.57056,16.654,13.66,68.067,613.84,1.7899,4.8071,0.085718,supercritical
37.222,2.568,42.178,0.023709,0.46916,0.5919,17.23,13.762,71.334,597.82,1.9608,4.6417,0.084244,supercritical
37.528,2.568,40.795,0.024513,0.48731,0.61421,17.827,13.865,74.346,582.93,2.137,4.4791,0.082699,supercritical
37.834,2.568,39.378,0.025395,0.50591,0.63737,18.442,13.966,76.894,569.45,2.3155,4.3213,0.081086,supercritical
38.14,2.568,37.948,0.026352,0.5248,0.66122,19.069,14.059,78.781,557.64,2.4932,4.1705,0.079415,supercritical
38.446,2.568,36.524,0.027379,0.54378,0.68552,19.704,14.14,79.868,547.63,2.6668,4.0285,0.0777,supercritical
38.753,2.568,35.129,0.028467,0.56266,0.71003,20.339,14.204,80.098,539.44,2.8332,3.8972,0.075962,supercritical
39.059,2.568,33.78,0.029603,0.58123,0.73447,20.967,14.249,79.504,532.98,2.9899,3.7775,0.074226,supercritical
39.365,2.568,32.494,0.030775,0.59931,0.75863,21.583,14.275,78.191,528.1,3.1348,3.6699,0.072517,supercritical
39.671,2.568,31.281,0.031969,0.61679,0.78229,22.182,14.282,76.31,524.59,3.2668,3.5741,0.070861,supercritical
39.977,2.568,30.145,0.033173,0.63358,0.80531,22.76,14.273,74.026,522.23,3.3849,3.4897,0.069278,supercritical
40.283,2.568,29.089,0.034377,0.64962,0.82758,23.315,14.251,71.496,520.84,3.4889,3.4157,0.067784,supercritical
40.589,2.568,28.111,0.035574,0.66491,0.84907,23.847,14.22,68.857,520.22,3.5793,3.3512,0.06639,supercritical
40.895,2.568,27.206,0.036756,0.67946,0.86974,24.354,14.181,66.211,520.22,3.6565,3.295,0.065101,supercritical
41.202,2.568,26.371,0.037921,0.6933,0.88961,24.838,14.137,63.633,520.72,3.7216,3.2462,0.063917,supercritical
41.508,2.568,25.599,0.039065,0.70648,0.90871,25.3,14.091,61.171,521.63,3.7756,3.2039,0.062836,supercritical
41.814,2.568,24.884,0.040186,0.71904,0.92708,25.741,14.043,58.853,522.84,3.8195,3.1671,0.061853,supercritical
42.12,2.568,24.222,0.041286,0.73103,0.94476,26.162,13.996,56.69,524.31,3.8545,3.1352,0.060963,supercritical
42.426,2.568,23.606,0.042362,0.7425,0.9618,26.565,13.949,54.686,525.98,3.8815,3.1076,0.060158,supercritical
42.732,2.568,23.033,0.043417,0.7535,0.97825,26.952,13.903,52.836,527.8,3.9017,3.0836,0.059431,supercritical
43.038,2.568,22.497,0.04445,0.76406,0.99416,27.323,13.859,51.132,529.75,3.9157,3.0628,0.058776,supercritical
43.344,2.568,21.996,0.045462,0.77423,1.0096,27.679,13.817,49.564,531.8,3.9243,3.0448,0.058185,supercritical
43.65,2.568,21.526,0.046455,0.78403,1.0245,28.023,13.777,48.121,533.93,3.9284,3.0292,0.057652,supercritical
43.957,2.568,21.084,0.047429,0.79352,1.039,28.355,13.738,46.793,536.12,3.9283,3.0158,0.057172,supercritical
44.263,2.568,20.667,0.048386,0.8027,1.0532,28.675,13.702,45.57,538.35,3.9248,3.0043,0.056739,supercritical
44.569,2.568,20.273,0.049326,0.81161,1.067,28.985,13.668,44.441,540.63,3.9182,2.9945,0.05635,supercritical
44.875,2.568,19.9,0.05025,0.82026,1.0804,29.286,13.635,43.398,542.93,3.909,2.9862,0.055999,supercritical
45.181,2.568,19.547,0.05116,0.82869,1.0935,29.578,13.604,42.432,545.25,3.8975,2.9793,0.055683,supercritical
45.487,2.568,19.21,0.052056,0.8369,1.1064,29.861,13.575,41.536,547.59,3.8839,2.9736,0.055399,supercritical
45.793,2.568,18.89,0.052938,0.84492,1.119,30.137,13.548,40.704,549.93,3.8687,2.9689,0.055143,supercritical
46.099,2.568,18.585,0.053808,0.85276,1.1313,30.405,13.522,39.93,552.29,3.8519,2.9652,0.054913,supercritical
46.406,2.568,18.293,0.054666,0.86043,1.1434,30.667,13.497,39.208,554.65,3.8339,2.9624,0.054707,supercritical
46.712,2.568,18.014,0.055513,0.86794,1.1553,30.923,13.474,38.533,557,3.8147,2.9605,0.054522,supercritical
47.018,2.568,17.746,0.05635,0.87531,1.167,31.172,13.452,37.902,559.36,3.7946,2.9592,0.054356,supercritical
47.324,2.568,17.49,0.057176,0.88254,1.1785,31.417,13.431,37.31,561.71,3.7737,2.9586,0.054208,supercritical
47.63,2.568,17.243,0.057993,0.88965,1.1899,31.655,13.412,36.755,564.05,3.7521,2.9586,0.054076,supercritical
47.936,2.568,17.006,0.058801,0.89663,1.201,31.889,13.393,36.233,566.39,3.7299,2.9592,0.053957,supercritical
48.242,2.568,16.778,0.0596,0.90351,1.212,32.118,13.375,35.741,568.72,3.7072,2.9603,0.053851,supercritical
48.548,2.568,16.559,0.060392,0.91028,1.2229,32.343,13.359,35.276,571.04,3.684,2.9619,0.053756,supercritical
48.854,2.568,16.347,0.061175,0.91696,1.2336,32.563,13.343,34.838,573.35,3.6606,2.9639,0.053668,supercritical
49.161,2.568,16.142,0.061951,0.92354,1.2443,32.779,13.328,34.424,575.65,3.6368,2.9663,0.053586,supercritical
49.467,2.568,15.944,0.06272,0.93004,1.2547,32.992,13.314,34.031,577.94,3.6128,2.969,0.053499,supercritical
49.773,2.568,15.752,0.063482,0.93645,1.2651,33.201,13.3,33.658,580.22,3.5886,2.9721,0.053357,supercritical
50.079,2.568,15.567,0.064238,0.94279,1.2753,33.406,13.287,33.305,582.49,3.5643,2.9756,0.053359,supercritical
50.385,2.568,15.388,0.064988,0.94905,1.2855,33.608,13.275,32.969,584.74,3.5399,2.9793,0.053368,supercritical
50.691,2.568,15.213,0.065731,0.95524,1.2955,33.807,13.263,32.649,586.99,3.5154,2.9833,0.053382,supercritical
50.997,2.568,15.045,0.066469,0.96137,1.3055,34.002,13.252,32.344,589.22,3.4908,2.9876,0.053403,supercritical
51.303,2.568,14.881,0.067202,0.96744,1.3153,34.195,13.242,32.053,591.43,3.4663,2.9921,0.053429,supercritical
51.61,2.568,14.721,0.067929,0.97344,1.3251,34.385,13.232,31.776,593.64,3.4418,2.9968,0.05346,supercritical
51.916,2.568,14.566,0.068651,0.97939,1.3348,34.572,13.222,31.511,595.83,3.4173,3.0018,0.053496,supercritical
52.222,2.568,14.416,0.069369,0.98528,1.3444,34.756,13.214,31.257,598.01,3.3928,3.0069,0.053536,supercritical
52.528,2.568,14.269,0.070081,0.99112,1.3539,34.938,13.205,31.015,600.18,3.3685,3.0123,0.053581,supercritical
52.834,2.568,14.126,0.07079,0.99692,1.3634,35.118,13.197,30.782,602.34,3.3441,3.0178,0.053629,supercritical
53.14,2.568,13.987,0.071494,1.0027,1.3728,35.295,13.189,30.559,604.48,3.3199,3.0234,0.053682,supercritical
53.446,2.568,13.852,0.072193,1.0084,1.3821,35.47,13.182,30.346,606.61,3.2958,3.0293,0.053738,supercritical
53.752,2.568,13.72,0.072889,1.014,1.3913,35.643,13.175,30.14,608.73,3.2718,3.0352,0.053798,supercritical
54.059,2.568,13.591,0.073581,1.0196,1.4005,35.813,13.169,29.943,610.84,3.248,3.0413,0.053861,supercritical
54.365,2.568,13.465,0.074269,1.0252,1.4097,35.982,13.163,29.753,612.93,3.2242,3.0476,0.053927,supercritical
54.671,2.568,13.342,0.074953,1.0307,1.4188,36.148,13.157,29.571,615.01,3.2006,3.0539,0.053997,supercritical
54.977,2.568,13.222,0.075634,1.0362,1.4278,36.313,13.152,29.395,617.08,3.1771,3.0604,0.054069,supercritical
55.283,2.568,13.104,0.076311,1.0417,1.4368,36.476,13.147,29.226,619.14,3.1538,3.067,0.054144,supercritical
55.589,2.568,12.989,0.076985,1.0471,1.4457,36.637,13.142,29.063,621.18,3.1306,3.0737,0.054221,supercritical
55.895,2.568,12.877,0.077656,1.0525,1.4546,36.796,13.137,28.906,623.21,3.1076,3.0805,0.054301,supercritical
56.201,2.568,12.767,0.078324,1.0579,1.4634,36.953,13.133,28.755,625.23,3.0848,3.0874,0.054384,supercritical
56.507,2.568,12.66,0.078989,1.0632,1.4722,37.109,13.13,28.608,627.24,3.062,3.0943,0.054469,supercritical
56.814,2.568,12.555,0.079651,1.0686,1.4809,37.263,13.126,28.467,629.24,3.0395,3.1014,0.054556,supercritical
57.12,2.568,12.452,0.08031,1.0738,1.4896,37.416,13.123,28.33,631.23,3.0171,3.1085,0.054645,supercritical
57.426,2.568,12.351,0.080966,1.0791,1.4982,37.567,13.12,28.198,633.2,2.9949,3.1157,0.054736,supercritical
57.732,2.568,12.252,0.08162,1.0843,1.5068,37.717,13.117,28.071,635.16,2.9728,3.123,0.054829,supercritical
58.038,2.568,12.155,0.082271,1.0895,1.5154,37.865,13.115,27.947,637.11,2.9509,3.1303,0.054924,supercritical
58.344,2.568,12.06,0.082919,1.0947,1.524,38.011,13.113,27.828,639.05,2.9292,3.1377,0.055021,supercritical
58.65,2.568,11.967,0.083565,1.0999,1.5325,38.157,13.111,27.712,640.98,2.9076,3.1452,0.055119,supercritical
58.956,2.568,11.875,0.084209,1.105,1.5409,38.301,13.109,27.6,642.9,2.8862,3.1527,0.055219,supercritical
59.263,2.568,11.786,0.08485,1.1101,1.5494,38.443,13.108,27.492,644.81,2.865,3.1603,0.055321,supercritical
59.569,2.568,11.697,0.085489,1.1152,1.5578,38.585,13.107,27.387,646.71,2.8439,3.1679,0.055425,supercritical
59.875,2.568,11.611,0.086126,1.1203,1.5661,38.725,13.106,27.285,648.59,2.823,3.1756,0.055529,supercritical
60.181,2.568,11.526,0.08676,1.1253,1.5745,38.864,13.105,27.186,650.47,2.8023,3.1834,0.055636,supercritical
60.487,2.568,11.443,0.087393,1.1304,1.5828,39.001,13.105,27.09,652.33,2.7817,3.1911,0.055744,supercritical
60.793,2.568,11.361,0.088023,1.1354,1.591,39.138,13.105,26.997,654.19,2.7613,3.199,0.055853,supercritical
61.099,2.568,11.28,0.088652,1.1404,1.5993,39.273,13.105,26.907,656.03,2.741,3.2068,0.055963,supercritical
61.405,2.568,11.201,0.089278,1.1453,1.6075,39.408,13.105,26.819,657.86,2.7209,3.2147,0.056075,supercritical
61.711,2.568,11.123,0.089903,1.1503,1.6157,39.541,13.106,26.734,659.69,2.701,3.2227,0.056188,supercritical
62.018,2.568,11.047,0.090526,1.1553,1.6239,39.673,13.107,26.652,661.5,2.6812,3.2307,0.056302,supercritical
62.324,2.568,10.971,0.091146,1.1602,1.632,39.804,13.108,26.572,663.31,2.6616,3.2387,0.056417,supercritical
62.63,2.568,10.897,0.091766,1.1651,1.6402,39.934,13.109,26.494,665.1,2.6421,3.2467,0.056533,supercritical
62.936,2.568,10.825,0.092383,1.17,1.6483,40.063,13.11,26.418,666.89,2.6228,3.2548,0.056651,supercritical
63.242,2.568,10.753,0.092999,1.1749,1.6563,40.191,13.112,26.345,668.66,2.6037,3.2629,0.056769,supercritical
63.548,2.568,10.682,0.093613,1.1798,1.6644,40.318,13.114,26.274,670.43,2.5847,3.271,0.056889,supercritical
63.854,2.568,10.613,0.094225,1.1846,1.6724,40.444,13.116,26.204,672.18,2.5658,3.2792,0.057009,supercritical
64.16,2.568,10.545,0.094836,1.1895,1.6804,40.569,13.118,26.137,673.93,2.5471,3.2874,0.057131,supercritical
64.467,2.568,10.477,0.095445,1.1943,1.6884,40.693,13.121,26.071,675.66,2.5286,3.2956,0.057253,supercritical
64.773,2.568,10.411,0.096053,1.1991,1.6964,40.817,13.123,26.008,677.39,2.5102,3.3038,0.057377,supercritical
65.079,2.568,10.346,0.096659,1.204,1.7043,40.939,13.126,25.946,679.11,2.4919,3.3121,0.057501,supercritical
65.385,2.568,10.281,0.097264,1.2088,1.7123,41.061,13.129,25.885,680.82,2.4738,3.3204,0.057626,supercritical
65.691,2.568,10.218,0.097867,1.2136,1.7202,41.182,13.133,25.827,682.52,2.4558,3.3287,0.057752,supercritical
65.997,2.568,10.155,0.098469,1.2183,1.7281,41.302,13.136,25.77,684.21,2.438,3.337,0.057879,supercritical
66.303,2.568,10.094,0.09907,1.2231,1.736,41.421,13.14,25.714,685.9,2.4203,3.3453,0.058007,supercritical
66.609,2.568,10.033,0.099669,1.2279,1.7438,41.539,13.144,25.66,687.57,2.4028,3.3537,0.058135,supercritical
66.915,2.568,9.9734,0.10027,1.2326,1.7517,41.657,13.148,25.608,689.24,2.3854,3.362,0.058264,supercritical
67.222,2.568,9.9144,0.10086,1.2374,1.7595,41.773,13.152,25.557,690.9,2.3681,3.3704,0.058394,supercritical
67.528,2.568,9.8562,0.10146,1.2421,1.7673,41.889,13.157,25.507,692.55,2.351,3.3788,0.058525,supercritical
67.834,2.568,9.7988,0.10205,1.2468,1.7751,42.005,13.161,25.459,694.19,2.334,3.3873,0.058656,supercritical
68.14,2.568,9.7422,0.10265,1.2515,1.7829,42.119,13.166,25.412,695.82,2.3171,3.3957,0.058789,supercritical
68.446,2.568,9.6863,0.10324,1.2562,1.7907,42.233,13.171,25.366,697.44,2.3004,3.4041,0.058921,supercritical
68.752,2.568,9.6312,0.10383,1.2609,1.7984,42.346,13.176,25.322,699.06,2.2838,3.4126,0.059055,supercritical
69.058,2.568,9.5769,0.10442,1.2656,1.8062,42.458,13.182,25.278,700.67,2.2673,3.4211,0.059189,supercritical
69.364,2.568,9.5232,0.10501,1.2703,1.8139,42.57,13.187,25.236,702.27,2.251,3.4295,0.059324,supercritical
69.671,2.568,9.4703,0.10559,1.275,1.8216,42.681,13.193,25.195,703.86,2.2348,3.438,0.059459,supercritical
69.977,2.568,9.418,0.10618,1.2797,1.8293,42.791,13.199,25.155,705.44,2.2187,3.4465,0.059596,supercritical
70.283,2.568,9.3664,0.10676,1.2843,1.837,42.901,13.205,25.117,707.02,2.2027,3.455,0.059732,supercritical
70.589,2.568,9.3154,0.10735,1.289,1.8447,43.01,13.211,25.079,708.59,2.1869,3.4636,0.05987,supercritical
70.895,2.568,9.2651,0.10793,1.2937,1.8524,43.119,13.218,25.042,710.15,2.1711,3.4721,0.060007,supercritical
71.201,2.568,9.2154,0.10851,1.2983,1.8601,43.227,13.225,25.007,711.7,2.1555,3.4806,0.060146,supercritical
71.507,2.568,9.1663,0.1091,1.3029,1.8677,43.334,13.231,24.972,713.25,2.1401,3.4892,0.060285,supercritical
71.813,2.568,9.1178,0.10968,1.3076,1.8753,43.44,13.238,24.938,714.79,2.1247,3.4977,0.060425,supercritical
72.119,2.568,9.07,0.11025,1.3122,1.883,43.546,13.246,24.906,716.32,2.1095,3.5063,0.060565,supercritical
72.426,2.568,9.0226,0.11083,1.3168,1.8906,43.652,13.253,24.874,717.84,2.0943,3.5149,0.060706,supercritical
72.732,2.568,8.9759,0.11141,1.3215,1.8982,43.757,13.26,24.843,719.36,2.0793,3.5234,0.060847,supercritical
73.038,2.568,8.9297,0.11199,1.3261,1.9058,43.861,13.268,24.813,720.87,2.0644,3.532,0.060989,supercritical
73.344,2.568,8.8841,0.11256,1.3307,1.9134,43.965,13.276,24.784,722.37,2.0496,3.5406,0.061131,supercritical
73.65,2.568,8.8389,0.11314,1.3353,1.921,44.068,13.284,24.755,723.86,2.035,3.5492,0.061274,supercritical
73.956,2.568,8.7943,0.11371,1.3399,1.9286,44.17,13.292,24.728,725.35,2.0204,3.5578,0.061417,supercritical
74.262,2.568,8.7503,0.11428,1.3445,1.9361,44.272,13.3,24.701,726.83,2.006,3.5664,0.061561,supercritical
74.568,2.568,8.7067,0.11485,1.3491,1.9437,44.374,13.309,24.675,728.31,1.9916,3.575,0.061705,supercritical
74.875,2.568,8.6636,0.11543,1.3537,1.9512,44.475,13.318,24.65,729.78,1.9774,3.5836,0.06185,supercritical
75.181,2.568,8.621,0.116,1.3583,1.9588,44.576,13.326,24.625,731.24,1.9633,3.5922,0.061996,supercritical
75.487,2.568,8.5789,0.11657,1.3629,1.9663,44.676,13.335,24.602,732.69,1.9492,3.6008,0.062141,supercritical
75.793,2.568,8.5372,0.11713,1.3674,1.9738,44.775,13.344,24.579,734.14,1.9353,3.6094,0.062288,supercritical
76.099,2.568,8.496,0.1177,1.372,1.9813,44.874,13.354,24.556,735.58,1.9215,3.6181,0.062434,supercritical
76.405,2.568,8.4553,0.11827,1.3766,1.9889,44.973,13.363,24.535,737.02,1.9078,3.6267,0.062582,supercritical
76.711,2.568,8.415,0.11884,1.3812,1.9964,45.071,13.373,24.514,738.44,1.8942,3.6353,0.062729,supercritical
77.017,2.568,8.3751,0.1194,1.3858,2.0039,45.168,13.382,24.493,739.87,1.8807,3.6439,0.062877,supercritical
77.323,2.568,8.3356,0.11997,1.3903,2.0114,45.265,13.392,24.474,741.28,1.8673,3.6526,0.063026,supercritical
77.63,2.568,8.2966,0.12053,1.3949,2.0189,45.362,13.402,24.455,742.69,1.854,3.6612,0.063175,supercritical
77.936,2.568,8.258,0.12109,1.3995,2.0263,45.458,13.412,24.436,744.09,1.8408,3.6698,0.063324,supercritical
78.242,2.568,8.2198,0.12166,1.404,2.0338,45.554,13.423,24.419,745.49,1.8277,3.6784,0.063474,supercritical
78.548,2.568,8.182,0.12222,1.4086,2.0413,45.649,13.433,24.402,746.88,1.8146,3.6871,0.063624,supercritical
78.854,2.568,8.1446,0.12278,1.4131,2.0488,45.744,13.444,24.385,748.27,1.8017,3.6957,0.063775,supercritical
79.16,2.568,8.1075,0.12334,1.4177,2.0562,45.839,13.454,24.369,749.65,1.7889,3.7043,0.063926,supercritical
79.466,2.568,8.0709,0.1239,1.4223,2.0637,45.933,13.465,24.353,751.02,1.7762,3.713,0.064078,supercritical
79.772,2.568,8.0346,0.12446,1.4268,2.0711,46.026,13.476,24.339,752.39,1.7635,3.7216,0.06423,supercritical
80.079,2.568,7.9986,0.12502,1.4314,2.0786,46.12,13.487,24.324,753.75,1.751,3.7302,0.064382,supercritical
80.385,2.568,7.9631,0.12558,1.4359,2.086,46.212,13.498,24.31,755.11,1.7385,3.7389,0.064535,supercritical
80.691,2.568,7.9279,0.12614,1.4405,2.0935,46.305,13.51,24.297,756.46,1.7262,3.7475,0.064688,supercritical
80.997,2.568,7.893,0.12669,1.445,2.1009,46.397,13.521,24.284,757.8,1.7139,3.7561,0.064841,supercritical
81.303,2.568,7.8585,0.12725,1.4496,2.1083,46.488,13.533,24.272,759.14,1.7017,3.7648,0.064995,supercritical
81.609,2.568,7.8243,0.12781,1.4541,2.1158,46.579,13.545,24.26,760.47,1.6896,3.7734,0.06515,supercritical
81.915,2.568,7.7904,0.12836,1.4587,2.1232,46.67,13.556,24.249,761.8,1.6776,3.782,0.065305,supercritical
82.221,2.568,7.7569,0.12892,1.4632,2.1306,46.761,13.568,24.238,763.13,1.6657,3.7907,0.06546,supercritical
82.528,2.568,7.7237,0.12947,1.4678,2.138,46.851,13.581,24.227,764.44,1.6538,3.7993,0.065615,supercritical
82.834,2.568,7.6908,0.13003,1.4723,2.1454,46.94,13.593,24.217,765.76,1.6421,3.8079,0.065771,supercritical
83.14,2.568,7.6582,0.13058,1.4769,2.1528,47.03,13.605,24.208,767.06,1.6304,3.8165,0.065927,supercritical
83.446,2.568,7.626,0.13113,1.4814,2.1603,47.119,13.618,24.199,768.36,1.6188,3.8252,0.066084,supercritical
83.752,2.568,7.594,0.13168,1.486,2.1677,47.207,13.63,24.19,769.66,1.6073,3.8338,0.066241,supercritical
84.058,2.568,7.5623,0.13223,1.4905,2.1751,47.296,13.643,24.182,770.95,1.5959,3.8424,0.066398,supercritical
84.364,2.568,7.5309,0.13279,1.4951,2.1825,47.383,13.656,24.174,772.24,1.5846,3.851,0.066556,supercritical
84.67,2.568,7.4998,0.13334,1.4996,2.1899,47.471,13.669,24.167,773.52,1.5733,3.8596,0.066714,supercritical
84.976,2.568,7.469,0.13389,1.5042,2.1973,47.558,13.682,24.16,774.8,1.5622,3.8682,0.066873,supercritical
85.283,2.568,7.4385,0.13444,1.5087,2.2047,47.645,13.695,24.153,776.07,1.5511,3.8769,0.067031,supercritical
85.589,2.568,7.4082,0.13498,1.5133,2.212,47.732,13.708,24.147,777.34,1.5401,3.8855,0.067191,supercritical
85.895,2.568,7.3783,0.13553,1.5178,2.2194,47.818,13.721,24.141,778.6,1.5291,3.8941,0.06735,supercritical
86.201,2.568,7.3485,0.13608,1.5224,2.2268,47.904,13.735,24.135,779.86,1.5183,3.9027,0.06751,supercritical
86.507,2.568,7.3191,0.13663,1.5269,2.2342,47.989,13.749,24.13,781.11,1.5075,3.9113,0.06767,supercritical
86.813,2.568,7.2899,0.13718,1.5315,2.2416,48.074,13.762,24.126,782.36,1.4968,3.9199,0.067831,supercritical
87.119,2.568,7.261,0.13772,1.536,2.249,48.159,13.776,24.121,783.6,1.4861,3.9285,0.067992,supercritical
87.425,2.568,7.2323,0.13827,1.5406,2.2564,48.244,13.79,24.117,784.84,1.4756,3.9371,0.068153,supercritical
87.732,2.568,7.2039,0.13881,1.5451,2.2638,48.328,13.804,24.113,786.07,1.4651,3.9457,0.068315,supercritical
88.038,2.568,7.1757,0.13936,1.5497,2.2711,48.412,13.818,24.11,787.3,1.4547,3.9542,0.068477,supercritical
88.344,2.568,7.1477,0.1399,1.5543,2.2785,48.496,13.832,24.107,788.53,1.4444,3.9628,0.068639,supercritical
88.65,2.568,7.12,0.14045,1.5588,2.2859,48.579,13.846,24.104,789.75,1.4341,3.9714,0.068802,supercritical
88.956,2.568,7.0925,0.14099,1.5634,2.2933,48.662,13.861,24.102,790.97,1.4239,3.98,0.068965,supercritical
89.262,2.568,7.0653,0.14154,1.5679,2.3006,48.745,13.875,24.1,792.18,1.4138,3.9886,0.069128,supercritical
89.568,2.568,7.0383,0.14208,1.5725,2.308,48.828,13.89,24.098,793.39,1.4038,3.9971,0.069292,supercritical
89.874,2.568,7.0115,0.14262,1.5771,2.3154,48.91,13.904,24.096,794.59,1.3938,4.0057,0.069456,supercritical
90.18,2.568,6.985,0.14316,1.5816,2.3228,48.992,13.919,24.095,795.79,1.3839,4.0143,0.06962,supercritical
90.487,2.568,6.9586,0.14371,1.5862,2.3302,49.073,13.934,24.094,796.98,1.374,4.0228,0.069785,supercritical
90.793,2.568,6.9325,0.14425,1.5908,2.3375,49.155,13.948,24.094,798.18,1.3643,4.0314,0.06995,supercritical
91.099,2.568,6.9066,0.14479,1.5954,2.3449,49.236,13.963,24.093,799.36,1.3546,4.0399,0.070115,supercritical
91.405,2.568,6.8809,0.14533,1.5999,2.3523,49.317,13.978,24.093,800.55,1.3449,4.0485,0.07028,supercritical
91.711,2.568,6.8554,0.14587,1.6045,2.3597,49.397,13.994,24.093,801.73,1.3354,4.057,0.070446,supercritical
92.017,2.568,6.8301,0.14641,1.6091,2.367,49.478,14.009,24.094,802.9,1.3259,4.0656,0.070613,supercritical
92.323,2.568,6.805,0.14695,1.6137,2.3744,49.558,14.024,24.095,804.07,1.3165,4.0741,0.070779,supercritical
92.629,2.568,6.7802,0.14749,1.6183,2.3818,49.637,14.039,24.095,805.24,1.3071,4.0826,0.070946,supercritical
92.936,2.568,6.7555,0.14803,1.6228,2.3892,49.717,14.055,24.097,806.41,1.2978,4.0912,0.071113,supercritical
93.242,2.568,6.731,0.14857,1.6274,2.3965,49.796,14.07,24.098,807.57,1.2885,4.0997,0.071281,supercritical
93.548,2.568,6.7067,0.1491,1.632,2.4039,49.875,14.086,24.1,808.72,1.2794,4.1082,0.071449,supercritical
93.854,2.568,6.6826,0.14964,1.6366,2.4113,49.954,14.101,24.102,809.88,1.2703,4.1167,0.071617,supercritical
94.16,2.568,6.6587,0.15018,1.6412,2.4187,50.032,14.117,24.104,811.02,1.2612,4.1253,0.071785,supercritical
94.466,2.568,6.6349,0.15072,1.6458,2.426,50.111,14.133,24.106,812.17,1.2522,4.1338,0.071954,supercritical
94.772,2.568,6.6114,0.15125,1.6504,2.4334,50.189,14.149,24.109,813.31,1.2433,4.1423,0.072123,supercritical
95.078,2.568,6.588,0.15179,1.655,2.4408,50.266,14.164,24.112,814.45,1.2344,4.1508,0.072293,supercritical
95.384,2.568,6.5648,0.15233,1.6596,2.4482,50.344,14.18,24.115,815.59,1.2256,4.1593,0.072462,supercritical
95.691,2.568,6.5418,0.15286,1.6642,2.4556,50.421,14.196,24.118,816.72,1.2169,4.1678,0.072632,supercritical
95.997,2.568,6.519,0.1534,1.6689,2.463,50.498,14.212,24.122,817.85,1.2082,4.1763,0.072803,supercritical
96.303,2.568,6.4963,0.15393,1.6735,2.4703,50.575,14.229,24.125,818.97,1.1996,4.1847,0.072973,supercritical
96.609,2.568,6.4739,0.15447,1.6781,2.4777,50.652,14.245,24.129,820.09,1.191,4.1932,0.073144,supercritical
96.915,2.568,6.4515,0.155,1.6827,2.4851,50.728,14.261,24.134,821.21,1.1825,4.2017,0.073315,supercritical
97.221,2.568,6.4294,0.15554,1.6873,2.4925,50.804,14.277,24.138,822.32,1.1741,4.2102,0.073487,supercritical
97.527,2.568,6.4074,0.15607,1.692,2.4999,50.88,14.294,24.142,823.44,1.1657,4.2186,0.073659,supercritical
97.833,2.568,6.3856,0.1566,1.6966,2.5073,50.956,14.31,24.147,824.54,1.1574,4.2271,0.073831,supercritical
98.14,2.568,6.3639,0.15714,1.7012,2.5147,51.031,14.327,24.152,825.65,1.1491,4.2356,0.074003,supercritical
98.446,2.568,6.3424,0.15767,1.7058,2.5221,51.106,14.343,24.157,826.75,1.1409,4.244,0.074176,supercritical
98.752,2.568,6.321,0.1582,1.7105,2.5295,51.181,14.36,24.162,827.85,1.1327,4.2525,0.074349,supercritical
99.058,2.568,6.2998,0.15873,1.7151,2.5369,51.256,14.376,24.168,828.95,1.1246,4.2609,0.074522,supercritical
99.364,2.568,6.2788,0.15927,1.7198,2.5443,51.331,14.393,24.173,830.04,1.1166,4.2693,0.074695,supercritical
99.67,2.568,6.2579,0.1598,1.7244,2.5517,51.405,14.409,24.179,831.13,1.1086,4.2778,0.074869,supercritical
99.976,2.568,6.2371,0.16033,1.7291,2.5591,51.479,14.426,24.185,832.21,1.1006,4.2862,0.075043,supercritical
100.28,2.568,6.2165,0.16086,1.7337,2.5665,51.553,14.443,24.191,833.3,1.0927,4.2946,0.075218,supercritical
100.59,2.568,6.1961,0.16139,1.7384,2.5739,51.627,14.46,24.197,834.38,1.0849,4.3031,0.075392,supercritical
100.89,2.568,6.1758,0.16192,1.743,2.5813,51.7,14.477,24.204,835.46,1.0771,4.3115,0.075567,supercritical
101.2,2.568,6.1556,0.16245,1.7477,2.5887,51.774,14.494,24.21,836.53,1.0694,4.3199,0.075742,supercritical
101.51,2.568,6.1356,0.16298,1.7524,2.5961,51.847,14.511,24.217,837.6,1.0617,4.3283,0.075918,supercritical
101.81,2.568,6.1157,0.16351,1.757,2.6035,51.92,14.527,24.224,838.67,1.0541,4.3367,0.076093,supercritical
102.12,2.568,6.096,0.16404,1.7617,2.6109,51.992,14.544,24.231,839.74,1.0465,4.3451,0.076269,supercritical
102.43,2.568,6.0764,0.16457,1.7664,2.6184,52.065,14.562,24.238,840.8,1.039,4.3535,0.076446,supercritical
102.73,2.568,6.0569,0.1651,1.7711,2.6258,52.137,14.579,24.245,841.86,1.0315,4.3619,0.076622,supercritical
103.04,2.568,6.0376,0.16563,1.7758,2.6332,52.21,14.596,24.253,842.92,1.0241,4.3703,0.076799,supercritical
103.34,2.568,6.0184,0.16616,1.7805,2.6406,52.281,14.613,24.26,843.98,1.0167,4.3786,0.076976,supercritical
103.65,2.568,5.9993,0.16669,1.7852,2.6481,52.353,14.63,24.268,845.03,1.0094,4.387,0.077153,supercritical
103.96,2.568,5.9803,0.16721,1.7898,2.6555,52.425,14.647,24.276,846.08,1.0021,4.3954,0.077331,supercritical
104.26,2.568,5.9615,0.16774,1.7945,2.6629,52.496,14.665,24.284,847.13,0.99487,4.4038,0.077509,supercritical
104.57,2.568,5.9428,0.16827,1.7993,2.6703,52.567,14.682,24.292,848.17,0.98769,4.4121,0.077687,supercritical
104.87,2.568,5.9243,0.1688,1.804,2.6778,52.638,14.699,24.3,849.22,0.98056,4.4205,0.077865,supercritical
105.18,2.568,5.9058,0.16932,1.8087,2.6852,52.709,14.716,24.308,850.26,0.97347,4.4288,0.078044,supercritical
105.49,2.568,5.8875,0.16985,1.8134,2.6927,52.78,14.734,24.317,851.3,0.96643,4.4372,0.078222,supercritical
105.79,2.568,5.8693,0.17038,1.8181,2.7001,52.85,14.751,24.325,852.33,0.95944,4.4455,0.078402,supercritical
106.1,2.568,5.8512,0.1709,1.8228,2.7076,52.921,14.768,24.334,853.36,0.9525,4.4538,0.078581,supercritical
106.4,2.568,5.8333,0.17143,1.8276,2.715,52.991,14.786,24.343,854.39,0.9456,4.4622,0.07876,supercritical
106.71,2.568,5.8154,0.17196,1.8323,2.7225,53.061,14.803,24.351,855.42,0.93874,4.4705,0.07894,supercritical
107.02,2.568,5.7977,0.17248,1.837,2.7299,53.131,14.821,24.36,856.45,0.93193,4.4788,0.07912,supercritical
107.32,2.568,5.7801,0.17301,1.8418,2.7374,53.2,14.838,24.37,857.47,0.92517,4.4871,0.079301,supercritical
107.63,2.568,5.7626,0.17353,1.8465,2.7448,53.27,14.856,24.379,858.49,0.91845,4.4954,0.079481,supercritical
107.94,2.568,5.7452,0.17406,1.8512,2.7523,53.339,14.873,24.388,859.51,0.91178,4.5037,0.079662,supercritical
108.24,2.568,5.7279,0.17458,1.856,2.7598,53.408,14.891,24.397,860.53,0.90514,4.512,0.079843,supercritical
108.55,2.568,5.7108,0.17511,1.8607,2.7672,53.477,14.908,24.407,861.54,0.89856,4.5203,0.080024,supercritical
108.85,2.568,5.6937,0.17563,1.8655,2.7747,53.546,14.926,24.417,862.55,0.89201,4.5286,0.080206,supercritical
109.16,2.568,5.6768,0.17616,1.8703,2.7822,53.614,14.943,24.426,863.56,0.88551,4.5369,0.080387,supercritical
109.47,2.568,5.6599,0.17668,1.875,2.7897,53.683,14.961,24.436,864.57,0.87905,4.5452,0.080569,supercritical
109.77,2.568,5.6432,0.1772,1.8798,2.7972,53.751,14.979,24.446,865.58,0.87263,4.5535,0.080751,supercritical
110.08,2.568,5.6266,0.17773,1.8846,2.8046,53.819,14.996,24.456,866.58,0.86626,4.5617,0.080934,supercritical
110.38,2.568,5.6101,0.17825,1.8894,2.8121,53.887,15.014,24.466,867.58,0.85992,4.57,0.081116,supercritical
110.69,2.568,5.5937,0.17877,1.8941,2.8196,53.955,15.031,24.476,868.58,0.85363,4.5783,0.081299,supercritical
111,2.568,5.5773,0.1793,1.8989,2.8271,54.022,15.049,24.486,869.58,0.84738,4.5865,0.081482,supercritical
111.3,2.568,5.5611,0.17982,1.9037,2.8346,54.09,15.067,24.496,870.57,0.84117,4.5948,0.081666,supercritical
111.61,2.568,5.545,0.18034,1.9085,2.8421,54.157,15.084,24.507,871.56,0.835,4.603,0.081849,supercritical
111.91,2.568,5.529,0.18086,1.9133,2.8496,54.224,15.102,24.517,872.56,0.82887,4.6113,0.082033,supercritical
112.22,2.568,5.5131,0.18139,1.9181,2.8571,54.291,15.12,24.528,873.54,0.82278,4.6195,0.082217,supercritical
112.53,2.568,5.4973,0.18191,1.9229,2.8646,54.358,15.137,24.538,874.53,0.81672,4.6277,0.082401,supercritical
112.83,2.568,5.4815,0.18243,1.9277,2.8721,54.425,15.155,24.549,875.52,0.81071,4.636,0.082585,supercritical
113.14,2.568,5.4659,0.18295,1.9326,2.8797,54.491,15.173,24.56,876.5,0.80474,4.6442,0.08277,supercritical
113.45,2.568,5.4504,0.18347,1.9374,2.8872,54.557,15.19,24.57,877.48,0.7988,4.6524,0.082954,supercritical
113.75,2.568,5.4349,0.18399,1.9422,2.8947,54.624,15.208,24.581,878.46,0.7929,4.6606,0.083139,supercritical
114.06,2.568,5.4196,0.18452,1.947,2.9022,54.69,15.226,24.592,879.44,0.78704,4.6688,0.083324,supercritical
114.36,2.568,5.4043,0.18504,1.9519,2.9098,54.756,15.243,24.603,880.41,0.78122,4.677,0.08351,supercritical
114.67,2.568,5.3892,0.18556,1.9567,2.9173,54.821,15.261,24.614,881.39,0.77543,4.6852,0.083695,supercritical
114.98,2.568,5.3741,0.18608,1.9615,2.9248,54.887,15.279,24.625,882.36,0.76968,4.6934,0.083881,supercritical
115.28,2.568,5.3591,0.1866,1.9664,2.9324,54.953,15.296,24.636,883.33,0.76397,4.7016,0.084067,supercritical
115.59,2.568,5.3442,0.18712,1.9712,2.9399,55.018,15.314,24.648,884.3,0.7583,4.7098,0.084253,supercritical
115.89,2.568,5.3294,0.18764,1.9761,2.9475,55.083,15.331,24.659,885.26,0.75266,4.7179,0.084439,supercritical
116.2,2.568,5.3147,0.18816,1.981,2.955,55.148,15.349,24.67,886.23,0.74705,4.7261,0.084626,supercritical
116.51,2.568,5.3,0.18868,1.9858,2.9626,55.213,15.367,24.682,887.19,0.74149,4.7343,0.084812,supercritical
116.81,2.568,5.2855,0.1892,1.9907,2.9701,55.278,15.384,24.693,888.15,0.73595,4.7424,0.084999,supercritical
117.12,2.568,5.271,0.18972,1.9956,2.9777,55.343,15.402,24.705,889.11,0.73046,4.7506,0.085186,supercritical
117.42,2.568,5.2566,0.19024,2.0004,2.9852,55.407,15.42,24.716,890.07,0.72499,4.7587,0.085373,supercritical
117.73,2.568,5.2423,0.19076,2.0053,2.9928,55.471,15.437,24.728,891.03,0.71957,4.7669,0.085561,supercritical
118.04,2.568,5.2281,0.19127,2.0102,3.0004,55.536,15.455,24.739,891.98,0.71417,4.775,0.085748,supercritical
118.34,2.568,5.214,0.19179,2.0151,3.008,55.6,15.472,24.751,892.93,0.70881,4.7832,0.085936,supercritical
118.65,2.568,5.1999,0.19231,2.02,3.0155,55.664,15.49,24.763,893.89,0.70348,4.7913,0.086124,supercritical
118.96,2.568,5.1859,0.19283,2.0249,3.0231,55.728,15.508,24.774,894.83,0.69819,4.7994,0.086312,supercritical
119.26,2.568,5.172,0.19335,2.0298,3.0307,55.791,15.525,24.786,895.78,0.69293,4.8075,0.0865,supercritical
119.57,2.568,5.1582,0.19387,2.0347,3.0383,55.855,15.543,24.798,896.73,0.6877,4.8156,0.086689,supercritical
119.87,2.568,5.1445,0.19438,2.0396,3.0459,55.918,15.56,24.81,897.67,0.68251,4.8238,0.086877,supercritical
120.18,2.568,5.1308,0.1949,2.0445,3.0535,55.981,15.578,24.822,898.62,0.67735,4.8319,0.087066,supercritical
120.49,2.568,5.1172,0.19542,2.0494,3.0611,56.045,15.595,24.834,899.56,0.67222,4.84,0.087255,supercritical
120.79,2.568,5.1037,0.19594,2.0544,3.0687,56.108,15.613,24.846,900.5,0.66712,4.8481,0.087444,supercritical
121.1,2.568,5.0902,0.19645,2.0593,3.0763,56.171,15.63,24.858,901.44,0.66205,4.8562,0.087633,supercritical
121.4,2.568,5.0769,0.19697,2.0642,3.0839,56.233,15.648,24.87,902.38,0.65702,4.8642,0.087822,supercritical
121.71,2.568,5.0636,0.19749,2.0692,3.0915,56.296,15.665,24.882,903.31,0.65201,4.8723,0.088012,supercritical
122.02,2.568,5.0504,0.19801,2.0741,3.0991,56.359,15.683,24.894,904.25,0.64704,4.8804,0.088201,supercritical
122.32,2.568,5.0372,0.19852,2.0791,3.1068,56.421,15.7,24.906,905.18,0.6421,4.8885,0.088391,supercritical
122.63,2.568,5.0241,0.19904,2.084,3.1144,56.483,15.718,24.918,906.11,0.63719,4.8965,0.088581,supercritical
122.94,2.568,5.0111,0.19956,2.089,3.122,56.545,15.735,24.93,907.04,0.6323,4.9046,0.088771,supercritical
123.24,2.568,4.9982,0.20007,2.0939,3.1296,56.607,15.752,24.943,907.97,0.62745,4.9126,0.088961,supercritical
123.55,2.568,4.9854,0.20059,2.0989,3.1373,56.669,15.77,24.955,908.9,0.62263,4.9207,0.089152,supercritical
123.85,2.568,4.9726,0.2011,2.1039,3.1449,56.731,15.787,24.967,909.82,0.61784,4.9287,0.089342,supercritical
124.16,2.568,4.9598,0.20162,2.1088,3.1526,56.793,15.804,24.979,910.75,0.61308,4.9368,0.089533,supercritical
124.47,2.568,4.9472,0.20214,2.1138,3.1602,56.854,15.822,24.992,911.67,0.60834,4.9448,0.089724,supercritical
124.77,2.568,4.9346,0.20265,2.1188,3.1679,56.916,15.839,25.004,912.59,0.60364,4.9529,0.089914,supercritical
125.08,2.568,4.9221,0.20317,2.1238,3.1755,56.977,15.856,25.016,913.51,0.59896,4.9609,0.090105,supercritical
125.38,2.568,4.9096,0.20368,2.1288,3.1832,57.038,15.873,25.029,914.43,0.59431,4.9689,0.090297,supercritical
125.69,2.568,4.8972,0.2042,2.1338,3.1909,57.099,15.891,25.041,915.35,0.58969,4.9769,0.090488,supercritical
126,2.568,4.8849,0.20471,2.1388,3.1985,57.16,15.908,25.053,916.27,0.5851,4.9849,0.090679,supercritical
126.3,2.568,4.8727,0.20523,2.1438,3.2062,57.221,15.925,25.066,917.18,0.58054,4.9929,0.090871,supercritical
126.61,2.568,4.8605,0.20574,2.1488,3.2139,57.281,15.942,25.078,918.1,0.576,5.0009,0.091062,supercritical
126.91,2.568,4.8483,0.20626,2.1538,3.2215,57.342,15.959,25.091,919.01,0.57149,5.0089,0.091254,supercritical
127.22,2.568,4.8363,0.20677,2.1588,3.2292,57.403,15.976,25.103,919.92,0.56701,5.0169,0.091446,supercritical
127.53,2.568,4.8243,0.20729,2.1638,3.2369,57.463,15.993,25.116,920.83,0.56256,5.0249,0.091638,supercritical
127.83,2.568,4.8123,0.2078,2.1689,3.2446,57.523,16.01,25.128,921.74,0.55813,5.0329,0.09183,supercritical
128.14,2.568,4.8004,0.20831,2.1739,3.2523,57.583,16.027,25.141,922.65,0.55373,5.0409,0.092022,supercritical
128.45,2.568,4.7886,0.20883,2.1789,3.26,57.643,16.044,25.153,923.55,0.54935,5.0488,0.092214,supercritical
128.75,2.568,4.7769,0.20934,2.184,3.2677,57.703,16.061,25.166,924.46,0.545,5.0568,0.092407,supercritical
129.06,2.568,4.7652,0.20986,2.189,3.2754,57.763,16.078,25.178,925.36,0.54068,5.0648,0.092599,supercritical
129.36,2.568,4.7535,0.21037,2.1941,3.2831,57.823,16.095,25.191,926.27,0.53638,5.0727,0.092792,supercritical
129.67,2.568,4.742,0.21088,2.1991,3.2908,57.882,16.112,25.203,927.17,0.53211,5.0807,0.092985,supercritical
129.98,2.568,4.7304,0.2114,2.2042,3.2985,57.942,16.129,25.216,928.07,0.52786,5.0886,0.093177,supercritical
130.28,2.568,4.719,0.21191,2.2093,3.3063,58.001,16.146,25.228,928.97,0.52364,5.0966,0.09337,supercritical
130.59,2.568,4.7076,0.21242,2.2143,3.314,58.06,16.163,25.241,929.86,0.51945,5.1045,0.093563,supercritical
130.89,2.568,4.6962,0.21294,2.2194,3.3217,58.119,16.18,25.254,930.76,0.51528,5.1125,0.093756,supercritical
131.2,2.568,4.6849,0.21345,2.2245,3.3295,58.178,16.196,25.266,931.66,0.51113,5.1204,0.09395,supercritical
131.51,2.568,4.6737,0.21396,2.2295,3.3372,58.237,16.213,25.279,932.55,0.50701,5.1283,0.094143,supercritical
131.81,2.568,4.6625,0.21448,2.2346,3.3449,58.296,16.23,25.291,933.45,0.50291,5.1362,0.094336,supercritical
132.12,2.568,4.6514,0.21499,2.2397,3.3527,58.355,16.246,25.304,934.34,0.49883,5.1441,0.09453,supercritical
132.42,2.568,4.6404,0.2155,2.2448,3.3604,58.413,16.263,25.317,935.23,0.49478,5.152,0.094723,supercritical
132.73,2.568,4.6293,0.21601,2.2499,3.3682,58.472,16.28,25.329,936.12,0.49076,5.16,0.094917,supercritical
133.04,2.568,4.6184,0.21653,2.255,3.3759,58.53,16.296,25.342,937.01,0.48675,5.1679,0.09511,supercritical
133.34,2.568,4.6075,0.21704,2.2601,3.3837,58.588,16.313,25.354,937.9,0.48277,5.1758,0.095304,supercritical
133.65,2.568,4.5966,0.21755,2.2652,3.3915,58.646,16.329,25.367,938.78,0.47882,5.1836,0.095498,supercritical
133.96,2.568,4.5859,0.21806,2.2704,3.3992,58.704,16.346,25.38,939.67,0.47488,5.1915,0.095692,supercritical
134.26,2.568,4.5751,0.21857,2.2755,3.407,58.762,16.362,25.392,940.56,0.47097,5.1994,0.095886,supercritical
134.57,2.568,4.5644,0.21909,2.2806,3.4148,58.82,16.379,25.405,941.44,0.46708,5.2073,0.09608,supercritical
134.87,2.568,4.5538,0.2196,2.2857,3.4225,58.878,16.395,25.417,942.32,0.46322,5.2152,0.096274,supercritical
135.18,2.568,4.5432,0.22011,2.2909,3.4303,58.936,16.411,25.43,943.2,0.45937,5.223,0.096468,supercritical
135.49,2.568,4.5327,0.22062,2.296,3.4381,58.993,16.428,25.443,944.08,0.45555,5.2309,0.096662,supercritical
135.79,2.568,4.5222,0.22113,2.3011,3.4459,59.051,16.444,25.455,944.96,0.45175,5.2387,0.096856,supercritical
136.1,2.568,4.5118,0.22164,2.3063,3.4537,59.108,16.46,25.468,945.84,0.44798,5.2466,0.097051,supercritical
136.4,2.568,4.5014,0.22215,2.3114,3.4615,59.165,16.477,25.48,946.72,0.44422,5.2545,0.097245,supercritical
136.71,2.568,4.491,0.22267,2.3166,3.4693,59.222,16.493,25.493,947.6,0.44049,5.2623,0.09744,supercritical
137.02,2.568,4.4808,0.22318,2.3218,3.4771,59.279,16.509,25.505,948.47,0.43677,5.2701,0.097634,supercritical
137.32,2.568,4.4705,0.22369,2.3269,3.4849,59.336,16.525,25.518,949.35,0.43308,5.278,0.097829,supercritical
137.63,2.568,4.4603,0.2242,2.3321,3.4927,59.393,16.541,25.531,950.22,0.42941,5.2858,0.098023,supercritical
137.93,2.568,4.4502,0.22471,2.3373,3.5005,59.45,16.557,25.543,951.09,0.42576,5.2936,0.098218,supercritical
138.24,2.568,4.4401,0.22522,2.3425,3.5084,59.506,16.573,25.556,951.97,0.42213,5.3014,0.098413,supercritical
138.55,2.568,4.4301,0.22573,2.3476,3.5162,59.563,16.589,25.568,952.84,0.41852,5.3093,0.098607,supercritical
138.85,2.568,4.4201,0.22624,2.3528,3.524,59.619,16.605,25.581,953.71,0.41493,5.3171,0.098802,supercritical
139.16,2.568,4.4101,0.22675,2.358,3.5318,59.676,16.621,25.593,954.58,0.41137,5.3249,0.098997,supercritical
139.47,2.568,4.4002,0.22726,2.3632,3.5397,59.732,16.637,25.606,955.45,0.40782,5.3327,0.099192,supercritical
139.77,2.568,4.3904,0.22777,2.3684,3.5475,59.788,16.653,25.618,956.31,0.40429,5.3405,0.099387,supercritical
140.08,2.568,4.3806,0.22828,2.3736,3.5554,59.844,16.669,25.631,957.18,0.40078,5.3483,0.099582,supercritical
140.38,2.568,4.3708,0.22879,2.3788,3.5632,59.9,16.684,25.643,958.04,0.39729,5.3561,0.099777,supercritical
140.69,2.568,4.3611,0.2293,2.384,3.5711,59.956,16.7,25.655,958.91,0.39382,5.3639,0.099972,supercritical
141,2.568,4.3514,0.22981,2.3892,3.5789,60.012,16.716,25.668,959.77,0.39037,5.3716,0.10017,supercritical
141.3,2.568,4.3418,0.23032,2.3945,3.5868,60.068,16.732,25.68,960.63,0.38694,5.3794,0.10036,supercritical
141.61,2.568,4.3322,0.23083,2.3997,3.5946,60.123,16.747,25.693,961.5,0.38353,5.3872,0.10056,supercritical
141.91,2.568,4.3226,0.23134,2.4049,3.6025,60.179,16.763,25.705,962.36,0.38014,5.3949,0.10075,supercritical
142.22,2.568,4.3131,0.23185,2.4102,3.6104,60.234,16.778,25.718,963.22,0.37676,5.4027,0.10095,supercritical
142.53,2.568,4.3037,0.23236,2.4154,3.6183,60.289,16.794,25.73,964.08,0.37341,5.4105,0.10114,supercritical
142.83,2.568,4.2943,0.23287,2.4206,3.6261,60.345,16.809,25.742,964.93,0.37007,5.4182,0.10134,supercritical
143.14,2.568,4.2849,0.23338,2.4259,3.634,60.4,16.825,25.755,965.79,0.36675,5.426,0.10153,supercritical
143.45,2.568,4.2756,0.23389,2.4311,3.6419,60.455,16.84,25.767,966.65,0.36345,5.4337,0.10173,supercritical
143.75,2.568,4.2663,0.2344,2.4364,3.6498,60.51,16.856,25.779,967.5,0.36017,5.4414,0.10192,supercritical
144.06,2.568,4.2571,0.2349,2.4416,3.6577,60.565,16.871,25.792,968.36,0.35691,5.4492,0.10212,supercritical
144.36,2.568,4.2479,0.23541,2.4469,3.6656,60.619,16.886,25.804,969.21,0.35366,5.4569,0.10231,supercritical
144.67,2.568,4.2387,0.23592,2.4522,3.6735,60.674,16.902,25.816,970.07,0.35043,5.4646,0.10251,supercritical
144.98,2.568,4.2296,0.23643,2.4574,3.6814,60.729,16.917,25.828,970.92,0.34722,5.4724,0.1027,supercritical
145.28,2.568,4.2205,0.23694,2.4627,3.6893,60.783,16.932,25.841,971.77,0.34403,5.4801,0.1029,supercritical
145.59,2.568,4.2115,0.23745,2.468,3.6972,60.837,16.947,25.853,972.62,0.34085,5.4878,0.1031,supercritical
145.89,2.568,4.2025,0.23796,2.4733,3.7051,60.892,16.962,25.865,973.47,0.33769,5.4955,0.10329,supercritical
146.2,2.568,4.1935,0.23846,2.4786,3.713,60.946,16.977,25.877,974.32,0.33455,5.5032,0.10349,supercritical
146.51,2.568,4.1846,0.23897,2.4839,3.721,61,16.992,25.889,975.17,0.33143,5.5109,0.10368,supercritical
146.81,2.568,4.1757,0.23948,2.4892,3.7289,61.054,17.007,25.901,976.02,0.32832,5.5186,0.10388,supercritical
147.12,2.568,4.1669,0.23999,2.4945,3.7368,61.108,17.022,25.914,976.86,0.32523,5.5263,0.10407,supercritical
147.42,2.568,4.1581,0.2405,2.4998,3.7448,61.162,17.037,25.926,977.71,0.32215,5.534,0.10427,supercritical
147.73,2.568,4.1493,0.241,2.5051,3.7527,61.216,17.052,25.938,978.55,0.3191,5.5417,0.10446,supercritical
148.04,2.568,4.1406,0.24151,2.5104,3.7606,61.27,17.067,25.95,979.4,0.31605,5.5493,0.10466,supercritical
148.34,2.568,4.1319,0.24202,2.5157,3.7686,61.323,17.082,25.962,980.24,0.31303,5.557,0.10485,supercritical
148.65,2.568,4.1232,0.24253,2.521,3.7765,61.377,17.097,25.974,981.08,0.31002,5.5647,0.10505,supercritical
148.96,2.568,4.1146,0.24304,2.5263,3.7845,61.43,17.111,25.986,981.93,0.30703,5.5723,0.10524,supercritical
149.26,2.568,4.106,0.24354,2.5317,3.7924,61.483,17.126,25.998,982.77,0.30405,5.58,0.10544,supercritical
149.57,2.568,4.0975,0.24405,2.537,3.8004,61.537,17.141,26.01,983.61,0.30109,5.5876,0.10563,supercritical
149.87,2.568,4.089,0.24456,2.5423,3.8084,61.59,17.155,26.022,984.45,0.29814,5.5953,0.10583,supercritical
150.18,2.568,4.0805,0.24507,2.5477,3.8163,61.643,17.17,26.034,985.29,0.29521,5.6029,0.10602,supercritical
150.49,2.568,4.0721,0.24557,2.553,3.8243,61.696,17.184,26.046,986.13,0.2923,5.6106,0.10622,supercritical
150.79,2.568,4.0637,0.24608,2.5584,3.8323,61.749,17.199,26.057,986.96,0.2894,5.6182,0.10641,supercritical
151.1,2.568,4.0554,0.24659,2.5637,3.8403,61.802,17.213,26.069,987.8,0.28651,5.6259,0.10661,supercritical
151.4,2.568,4.047,0.24709,2.5691,3.8482,61.855,17.228,26.081,988.64,0.28364,5.6335,0.10681,supercritical
151.71,2.568,4.0388,0.2476,2.5745,3.8562,61.907,17.242,26.093,989.47,0.28079,5.6411,0.107,supercritical
152.02,2.568,4.0305,0.24811,2.5798,3.8642,61.96,17.257,26.105,990.31,0.27795,5.6487,0.1072,supercritical
152.32,2.568,4.0223,0.24861,2.5852,3.8722,62.012,17.271,26.117,991.14,0.27512,5.6564,0.10739,supercritical
152.63,2.568,4.0141,0.24912,2.5906,3.8802,62.065,17.285,26.128,991.97,0.27231,5.664,0.10759,supercritical
152.93,2.568,4.006,0.24963,2.5959,3.8882,62.117,17.299,26.14,992.8,0.26952,5.6716,0.10778,supercritical
153.24,2.568,3.9978,0.25013,2.6013,3.8962,62.17,17.314,26.152,993.64,0.26674,5.6792,0.10798,supercritical
153.55,2.568,3.9898,0.25064,2.6067,3.9042,62.222,17.328,26.163,994.47,0.26397,5.6868,0.10817,supercritical
153.85,2.568,3.9817,0.25115,2.6121,3.9122,62.274,17.342,26.175,995.3,0.26122,5.6944,0.10837,supercritical
154.16,2.568,3.9737,0.25165,2.6175,3.9202,62.326,17.356,26.187,996.13,0.25848,5.702,0.10856,supercritical
154.47,2.568,3.9657,0.25216,2.6229,3.9283,62.378,17.37,26.198,996.96,0.25576,5.7096,0.10876,supercritical
154.77,2.568,3.9578,0.25267,2.6283,3.9363,62.43,17.384,26.21,997.78,0.25305,5.7171,0.10895,supercritical
155.08,2.568,3.9499,0.25317,2.6337,3.9443,62.482,17.398,26.221,998.61,0.25035,5.7247,0.10914,supercritical
155.38,2.568,3.942,0.25368,2.6391,3.9523,62.533,17.412,26.233,999.44,0.24767,5.7323,0.10934,supercritical
155.69,2.568,3.9341,0.25419,2.6445,3.9604,62.585,17.426,26.244,1000.3,0.245,5.7399,0.10953,supercritical
156,2.568,3.9263,0.25469,2.6499,3.9684,62.636,17.439,26.256,1001.1,0.24235,5.7474,0.10973,supercritical
156.3,2.568,3.9185,0.2552,2.6553,3.9764,62.688,17.453,26.267,1001.9,0.2397,5.755,0.10992,supercritical
156.61,2.568,3.9108,0.2557,2.6608,3.9845,62.739,17.467,26.279,1002.7,0.23708,5.7625,0.11012,supercritical
156.91,2.568,3.9031,0.25621,2.6662,3.9925,62.791,17.481,26.29,1003.6,0.23446,5.7701,0.11031,supercritical
157.22,2.568,3.8954,0.25671,2.6716,4.0006,62.842,17.494,26.302,1004.4,0.23186,5.7777,0.11051,supercritical
157.53,2.568,3.8877,0.25722,2.6771,4.0086,62.893,17.508,26.313,1005.2,0.22927,5.7852,0.1107,supercritical
157.83,2.568,3.8801,0.25773,2.6825,4.0167,62.944,17.521,26.324,1006,0.2267,5.7927,0.1109,supercritical
158.14,2.568,3.8725,0.25823,2.6879,4.0248,62.995,17.535,26.336,1006.8,0.22413,5.8003,0.11109,supercritical
158.44,2.568,3.8649,0.25874,2.6934,4.0328,63.046,17.549,26.347,1007.7,0.22158,5.8078,0.11129,supercritical
158.75,2.568,3.8574,0.25924,2.6988,4.0409,63.097,17.562,26.358,1008.5,0.21905,5.8153,0.11148,supercritical
159.06,2.568,3.8499,0.25975,2.7043,4.049,63.148,17.575,26.369,1009.3,0.21652,5.8229,0.11167,supercritical
159.36,2.568,3.8424,0.26025,2.7098,4.057,63.199,17.589,26.381,1010.1,0.21401,5.8304,0.11187,supercritical
159.67,2.568,3.835,0.26076,2.7152,4.0651,63.249,17.602,26.392,1010.9,0.21151,5.8379,0.11206,supercritical
159.98,2.568,3.8275,0.26126,2.7207,4.0732,63.3,17.615,26.403,1011.8,0.20903,5.8454,0.11226,supercritical
160.28,2.568,3.8202,0.26177,2.7262,4.0813,63.35,17.629,26.414,1012.6,0.20655,5.8529,0.11245,supercritical
160.59,2.568,3.8128,0.26227,2.7316,4.0894,63.401,17.642,26.425,1013.4,0.20409,5.8604,0.11264,supercritical
160.89,2.568,3.8055,0.26278,2.7371,4.0975,63.451,17.655,26.436,1014.2,0.20164,5.8679,0.11284,supercritical
161.2,2.568,3.7982,0.26328,2.7426,4.1055,63.501,17.668,26.447,1015,0.1992,5.8754,0.11303,supercritical
161.51,2.568,3.7909,0.26379,2.7481,4.1136,63.551,17.681,26.458,1015.8,0.19678,5.8829,0.11323,supercritical
161.81,2.568,3.7837,0.26429,2.7536,4.1217,63.602,17.694,26.469,1016.6,0.19436,5.8904,0.11342,supercritical
162.12,2.568,3.7765,0.2648,2.759,4.1298,63.652,17.707,26.48,1017.5,0.19196,5.8979,0.11361,supercritical
162.42,2.568,3.7693,0.2653,2.7645,4.138,63.702,17.72,26.491,1018.3,0.18957,5.9054,0.11381,supercritical
162.73,2.568,3.7621,0.26581,2.77,4.1461,63.751,17.733,26.502,1019.1,0.18719,5.9128,0.114,supercritical
163.04,2.568,3.755,0.26631,2.7755,4.1542,63.801,17.746,26.513,1019.9,0.18482,5.9203,0.11419,supercritical
163.34,2.568,3.7479,0.26682,2.781,4.1623,63.851,17.759,26.524,1020.7,0.18247,5.9278,0.11439,supercritical
163.65,2.568,3.7408,0.26732,2.7866,4.1704,63.901,17.772,26.535,1021.5,0.18012,5.9353,0.11458,supercritical
163.95,2.568,3.7338,0.26783,2.7921,4.1785,63.95,17.785,26.545,1022.3,0.17779,5.9427,0.11477,supercritical
164.26,2.568,3.7267,0.26833,2.7976,4.1867,64,17.798,26.556,1023.1,0.17547,5.9502,0.11497,supercritical
164.57,2.568,3.7198,0.26883,2.8031,4.1948,64.049,17.81,26.567,1023.9,0.17316,5.9576,0.11516,supercritical
164.87,2.568,3.7128,0.26934,2.8086,4.2029,64.099,17.823,26.578,1024.7,0.17086,5.9651,0.11535,supercritical
165.18,2.568,3.7059,0.26984,2.8142,4.2111,64.148,17.836,26.588,1025.6,0.16857,5.9725,0.11555,supercritical
165.49,2.568,3.6989,0.27035,2.8197,4.2192,64.197,17.848,26.599,1026.4,0.1663,5.98,0.11574,supercritical
165.79,2.568,3.6921,0.27085,2.8252,4.2274,64.246,17.861,26.61,1027.2,0.16403,5.9874,0.11593,supercritical
166.1,2.568,3.6852,0.27136,2.8308,4.2355,64.295,17.873,26.62,1028,0.16177,5.9948,0.11612,supercritical
166.4,2.568,3.6784,0.27186,2.8363,4.2437,64.344,17.886,26.631,1028.8,0.15953,6.0023,0.11632,supercritical
166.71,2.568,3.6716,0.27236,2.8418,4.2518,64.393,17.898,26.641,1029.6,0.1573,6.0097,0.11651,supercritical
167.02,2.568,3.6648,0.27287,2.8474,4.26,64.442,17.911,26.652,1030.4,0.15507,6.0171,0.1167,supercritical
167.32,2.568,3.658,0.27337,2.8529,4.2681,64.491,17.923,26.662,1031.2,0.15286,6.0245,0.11689,supercritical
167.63,2.568,3.6513,0.27388,2.8585,4.2763,64.54,17.935,26.673,1032,0.15066,6.0319,0.11709,supercritical
167.93,2.568,3.6446,0.27438,2.8641,4.2845,64.589,17.947,26.683,1032.8,0.14847,6.0393,0.11728,supercritical
168.24,2.568,3.6379,0.27488,2.8696,4.2926,64.637,17.96,26.694,1033.6,0.14628,6.0468,0.11747,supercritical
168.55,2.568,3.6313,0.27539,2.8752,4.3008,64.686,17.972,26.704,1034.4,0.14411,6.0542,0.11766,supercritical
168.85,2.568,3.6246,0.27589,2.8808,4.309,64.734,17.984,26.714,1035.2,0.14195,6.0616,0.11785,supercritical
169.16,2.568,3.618,0.27639,2.8863,4.3172,64.783,17.996,26.725,1036,0.1398,6.0689,0.11805,supercritical
169.47,2.568,3.6114,0.2769,2.8919,4.3253,64.831,18.008,26.735,1036.8,0.13766,6.0763,0.11824,supercritical
169.77,2.568,3.6049,0.2774,2.8975,4.3335,64.879,18.02,26.745,1037.6,0.13553,6.0837,0.11843,supercritical
170.08,2.568,3.5984,0.2779,2.9031,4.3417,64.927,18.032,26.756,1038.4,0.13341,6.0911,0.11862,supercritical
170.38,2.568,3.5919,0.27841,2.9087,4.3499,64.975,18.044,26.766,1039.2,0.1313,6.0985,0.11881,supercritical
170.69,2.568,3.5854,0.27891,2.9142,4.3581,65.023,18.056,26.776,1040,0.1292,6.1059,0.11901,supercritical
171,2.568,3.5789,0.27941,2.9198,4.3663,65.071,18.068,26.786,1040.8,0.1271,6.1132,0.1192,supercritical
171.3,2.568,3.5725,0.27992,2.9254,4.3745,65.119,18.08,26.796,1041.6,0.12502,6.1206,0.11939,supercritical
171.61,2.568,3.5661,0.28042,2.931,4.3827,65.167,18.092,26.806,1042.4,0.12295,6.128,0.11958,supercritical
171.91,2.568,3.5597,0.28092,2.9366,4.3909,65.215,18.104,26.816,1043.1,0.12089,6.1353,0.11977,supercritical
172.22,2.568,3.5533,0.28143,2.9422,4.3991,65.263,18.115,26.826,1043.9,0.11883,6.1427,0.11996,supercritical
172.53,2.568,3.547,0.28193,2.9479,4.4073,65.31,18.127,26.836,1044.7,0.11679,6.15,0.12015,supercritical
172.83,2.568,3.5407,0.28243,2.9535,4.4156,65.358,18.139,26.846,1045.5,0.11476,6.1574,0.12034,supercritical
173.14,2.568,3.5344,0.28294,2.9591,4.4238,65.406,18.15,26.856,1046.3,0.11273,6.1647,0.12053,supercritical
173.44,2.568,3.5281,0.28344,2.9647,4.432,65.453,18.162,26.866,1047.1,0.11072,6.1721,0.12072,supercritical
173.75,2.568,3.5219,0.28394,2.9703,4.4402,65.5,18.173,26.876,1047.9,0.10871,6.1794,0.12092,supercritical
174.06,2.568,3.5156,0.28444,2.9759,4.4485,65.548,18.185,26.886,1048.7,0.10671,6.1867,0.12111,supercritical
174.36,2.568,3.5094,0.28495,2.9816,4.4567,65.595,18.196,26.896,1049.5,0.10472,6.1941,0.1213,supercritical
174.67,2.568,3.5032,0.28545,2.9872,4.4649,65.642,18.208,26.906,1050.3,0.10274,6.2014,0.12149,supercritical
174.98,2.568,3.4971,0.28595,2.9928,4.4732,65.689,18.219,26.916,1051.1,0.10077,6.2087,0.12168,supercritical
175.28,2.568,3.491,0.28645,2.9985,4.4814,65.736,18.23,26.925,1051.8,0.098811,6.216,0.12187,supercritical
175.59,2.568,3.4848,0.28696,3.0041,4.4896,65.783,18.242,26.935,1052.6,0.096858,6.2234,0.12206,supercritical
175.89,2.568,3.4787,0.28746,3.0098,4.4979,65.83,18.253,26.945,1053.4,0.094914,6.2307,0.12225,supercritical
176.2,2.568,3.4727,0.28796,3.0154,4.5061,65.877,18.264,26.954,1054.2,0.092979,6.238,0.12244,supercritical
176.51,2.568,3.4666,0.28846,3.0211,4.5144,65.924,18.275,26.964,1055,0.091052,6.2453,0.12263,supercritical
176.81,2.568,3.4606,0.28897,3.0267,4.5226,65.971,18.287,26.974,1055.8,0.089134,6.2526,0.12282,supercritical
177.12,2.568,3.4546,0.28947,3.0324,4.5309,66.017,18.298,26.983,1056.6,0.087225,6.2599,0.12301,supercritical
177.42,2.568,3.4486,0.28997,3.038,4.5392,66.064,18.309,26.993,1057.3,0.085324,6.2672,0.1232,supercritical
177.73,2.568,3.4427,0.29047,3.0437,4.5474,66.11,18.32,27.002,1058.1,0.083431,6.2745,0.12338,supercritical
178.04,2.568,3.4367,0.29098,3.0494,4.5557,66.157,18.331,27.012,1058.9,0.081547,6.2818,0.12357,supercritical
178.34,2.568,3.4308,0.29148,3.055,4.564,66.203,18.342,27.021,1059.7,0.079671,6.289,0.12376,supercritical
178.65,2.568,3.4249,0.29198,3.0607,4.5722,66.25,18.353,27.031,1060.5,0.077804,6.2963,0.12395,supercritical
178.95,2.568,3.419,0.29248,3.0664,4.5805,66.296,18.364,27.04,1061.3,0.075944,6.3036,0.12414,supercritical
179.26,2.568,3.4132,0.29298,3.0721,4.5888,66.342,18.375,27.049,1062,0.074093,6.3109,0.12433,supercritical
179.57,2.568,3.4073,0.29349,3.0778,4.5971,66.388,18.385,27.059,1062.8,0.07225,6.3181,0.12452,supercritical
179.87,2.568,3.4015,0.29399,3.0834,4.6054,66.434,18.396,27.068,1063.6,0.070415,6.3254,0.12471,supercritical
180.18,2.568,3.3957,0.29449,3.0891,4.6136,66.48,18.407,27.077,1064.4,0.068588,6.3327,0.1249,supercritical
180.49,2.568,3.3899,0.29499,3.0948,4.6219,66.526,18.418,27.087,1065.2,0.066769,6.3399,0.12508,supercritical
180.79,2.568,3.3842,0.29549,3.1005,4.6302,66.572,18.428,27.096,1065.9,0.064959,6.3472,0.12527,supercritical
181.1,2.568,3.3784,0.296,3.1062,4.6385,66.618,18.439,27.105,1066.7,0.063155,6.3544,0.12546,supercritical
181.4,2.568,3.3727,0.2965,3.1119,4.6468,66.664,18.45,27.114,1067.5,0.06136,6.3617,0.12565,supercritical
181.71,2.568,3.367,0.297,3.1176,4.6551,66.71,18.46,27.123,1068.3,0.059573,6.3689,0.12584,supercritical
182.02,2.568,3.3613,0.2975,3.1233,4.6634,66.755,18.471,27.133,1069,0.057793,6.3762,0.12602,supercritical
182.32,2.568,3.3557,0.298,3.129,4.6717,66.801,18.481,27.142,1069.8,0.056021,6.3834,0.12621,supercritical
182.63,2.568,3.35,0.2985,3.1348,4.6801,66.846,18.492,27.151,1070.6,0.054256,6.3906,0.1264,supercritical
182.93,2.568,3.3444,0.29901,3.1405,4.6884,66.892,18.502,27.16,1071.4,0.052499,6.3979,0.12659,supercritical
183.24,2.568,3.3388,0.29951,3.1462,4.6967,66.937,18.512,27.169,1072.2,0.05075,6.4051,0.12677,supercritical
183.55,2.568,3.3332,0.30001,3.1519,4.705,66.983,18.523,27.178,1072.9,0.049008,6.4123,0.12696,supercritical
183.85,2.568,3.3277,0.30051,3.1576,4.7133,67.028,18.533,27.187,1073.7,0.047274,6.4195,0.12715,supercritical
184.16,2.568,3.3221,0.30101,3.1634,4.7216,67.073,18.543,27.196,1074.5,0.045547,6.4267,0.12734,supercritical
184.46,2.568,3.3166,0.30151,3.1691,4.73,67.118,18.554,27.205,1075.2,0.043827,6.434,0.12752,supercritical
184.77,2.568,3.3111,0.30201,3.1748,4.7383,67.164,18.564,27.213,1076,0.042115,6.4412,0.12771,supercritical
185.08,2.568,3.3056,0.30252,3.1806,4.7466,67.209,18.574,27.222,1076.8,0.04041,6.4484,0.1279,supercritical
185.38,2.568,3.3001,0.30302,3.1863,4.755,67.254,18.584,27.231,1077.6,0.038712,6.4556,0.12808,supercritical
185.69,2.568,3.2947,0.30352,3.1921,4.7633,67.299,18.594,27.24,1078.3,0.037021,6.4628,0.12827,supercritical
186,2.568,3.2893,0.30402,3.1978,4.7716,67.343,18.604,27.249,1079.1,0.035338,6.47,0.12846,supercritical
186.3,2.568,3.2839,0.30452,3.2035,4.78,67.388,18.614,27.257,1079.9,0.033661,6.4772,0.12864,supercritical
186.61,2.568,3.2785,0.30502,3.2093,4.7883,67.433,18.624,27.266,1080.6,0.031992,6.4843,0.12883,supercritical
186.91,2.568,3.2731,0.30552,3.2151,4.7967,67.478,18.634,27.275,1081.4,0.03033,6.4915,0.12901,supercritical
187.22,2.568,3.2677,0.30602,3.2208,4.805,67.522,18.644,27.283,1082.2,0.028674,6.4987,0.1292,supercritical
187.53,2.568,3.2624,0.30652,3.2266,4.8134,67.567,18.654,27.292,1082.9,0.027026,6.5059,0.12939,supercritical
187.83,2.568,3.2571,0.30703,3.2323,4.8217,67.611,18.664,27.3,1083.7,0.025384,6.5131,0.12957,supercritical
188.14,2.568,3.2518,0.30753,3.2381,4.8301,67.656,18.674,27.309,1084.5,0.023749,6.5202,0.12976,supercritical
188.44,2.568,3.2465,0.30803,3.2439,4.8385,67.7,18.684,27.318,1085.3,0.022121,6.5274,0.12994,supercritical
188.75,2.568,3.2412,0.30853,3.2496,4.8468,67.745,18.693,27.326,1086,0.0205,6.5346,0.13013,supercritical
189.06,2.568,3.2359,0.30903,3.2554,4.8552,67.789,18.703,27.334,1086.8,0.018885,6.5417,0.13031,supercritical
189.36,2.568,3.2307,0.30953,3.2612,4.8636,67.833,18.713,27.343,1087.5,0.017277,6.5489,0.1305,supercritical
189.67,2.568,3.2255,0.31003,3.267,4.8719,67.877,18.722,27.351,1088.3,0.015676,6.556,0.13068,supercritical
189.98,2.568,3.2203,0.31053,3.2727,4.8803,67.921,18.732,27.36,1089.1,0.014081,6.5632,0.13087,supercritical
190.28,2.568,3.2151,0.31103,3.2785,4.8887,67.966,18.742,27.368,1089.8,0.012493,6.5703,0.13105,supercritical
190.59,2.568,3.2099,0.31153,3.2843,4.8971,68.01,18.751,27.376,1090.6,0.010912,6.5775,0.13124,supercritical
190.89,2.568,3.2048,0.31203,3.2901,4.9054,68.053,18.761,27.385,1091.4,0.0093364,6.5846,0.13142,supercritical
191.2,2.568,3.1997,0.31253,3.2959,4.9138,68.097,18.77,27.393,1092.1,0.0077676,6.5918,0.13161,supercritical
191.51,2.568,3.1945,0.31303,3.3017,4.9222,68.141,18.78,27.401,1092.9,0.0062053,6.5989,0.13179,supercritical
191.81,2.568,3.1894,0.31353,3.3075,4.9306,68.185,18.789,27.409,1093.7,0.0046493,6.606,0.13198,supercritical
192.12,2.568,3.1844,0.31404,3.3133,4.939,68.229,18.798,27.418,1094.4,0.0030997,6.6131,0.13216,supercritical
192.42,2.568,3.1793,0.31454,3.3191,4.9474,68.272,18.808,27.426,1095.2,0.0015563,6.6203,0.13234,supercritical
192.73,2.568,3.1742,0.31504,3.3249,4.9558,68.316,18.817,27.434,1095.9,1.91E-05,6.6274,0.13253,supercritical
193.04,2.568,3.1692,0.31554,3.3307,4.9642,68.359,18.826,27.442,1096.7,-0.0015118,6.6345,0.13271,supercritical
193.34,2.568,3.1642,0.31604,3.3365,4.9726,68.403,18.836,27.45,1097.5,-0.0030366,6.6416,0.13289,supercritical
193.65,2.568,3.1592,0.31654,3.3423,4.981,68.446,18.845,27.458,1098.2,-0.0045552,6.6487,0.13308,supercritical
193.95,2.568,3.1542,0.31704,3.3482,4.9894,68.49,18.854,27.466,1099,-0.0060677,6.6558,0.13326,supercritical
194.26,2.568,3.1492,0.31754,3.354,4.9978,68.533,18.863,27.474,1099.7,-0.0075742,6.6629,0.13344,supercritical
194.57,2.568,3.1443,0.31804,3.3598,5.0062,68.576,18.872,27.482,1100.5,-0.0090747,6.67,0.13363,supercritical
194.87,2.568,3.1393,0.31854,3.3656,5.0146,68.62,18.881,27.49,1101.2,-0.010569,6.6771,0.13381,supercritical
195.18,2.568,3.1344,0.31904,3.3715,5.023,68.663,18.89,27.498,1102,-0.012058,6.6842,0.13399,supercritical
195.49,2.568,3.1295,0.31954,3.3773,5.0315,68.706,18.899,27.506,1102.8,-0.01354,6.6913,0.13418,supercritical
195.79,2.568,3.1246,0.32004,3.3831,5.0399,68.749,18.908,27.514,1103.5,-0.015017,6.6984,0.13436,supercritical
196.1,2.568,3.1198,0.32054,3.389,5.0483,68.792,18.917,27.522,1104.3,-0.016488,6.7055,0.13454,supercritical
196.4,2.568,3.1149,0.32104,3.3948,5.0567,68.835,18.926,27.529,1105,-0.017953,6.7126,0.13472,supercritical
196.71,2.568,3.1101,0.32154,3.4006,5.0652,68.878,18.935,27.537,1105.8,-0.019412,6.7197,0.13491,supercritical
197.02,2.568,3.1052,0.32204,3.4065,5.0736,68.92,18.944,27.545,1106.5,-0.020866,6.7267,0.13509,supercritical
197.32,2.568,3.1004,0.32254,3.4123,5.082,68.963,18.953,27.553,1107.3,-0.022313,6.7338,0.13527,supercritical
197.63,2.568,3.0956,0.32304,3.4182,5.0905,69.006,18.962,27.56,1108,-0.023755,6.7409,0.13545,supercritical
