Temperature (K),Pressure (MPa),Density (mol/l),Volume (l/mol),Internal Energy (kJ/kg),Enthalpy (kJ/kg),Entropy (J/g*K),Cv (J/g*K),Cp (J/g*K),Sound Spd. (m/s),Joule-Thomson (K/MPa),Viscosity (uPa*s),Therm. Cond. (W/m*K),Phase
13.957,20.265,43.627,0.022922,-63.877,166.55,-4.7456,5.2664,6.1043,1755.5,-1.7392,65.374,0.11015,liquid
20.531,20.265,42.168,0.023715,-29.027,209.37,-2.2447,5.6245,7.1151,1687.7,-1.4606,32.304,0.13004,liquid
22.174,20.265,41.766,0.023943,-19.342,221.35,-1.6838,5.7602,7.461,1672.1,-1.3815,28.542,0.13364,liquid
23.817,20.265,41.349,0.024184,-9.2158,233.9,-1.1378,5.8935,7.8168,1656.7,-1.3064,25.555,0.13672,liquid
25.461,20.265,40.917,0.024439,1.3597,247.04,-0.60437,6.022,8.1769,1641.2,-1.2361,23.136,0.1393,liquid
27.104,20.265,40.471,0.024709,12.384,260.78,-0.08177,6.1434,8.5364,1625.6,-1.1707,21.146,0.14141,liquid
28.748,20.265,40.011,0.024993,23.851,275.1,0.4311,6.2563,8.8912,1609.7,-1.1102,19.484,0.14308,liquid
30.391,20.265,39.539,0.025291,35.748,290,0.93499,6.3595,9.2384,1593.6,-1.0542,18.08,0.14433,liquid
32.034,20.265,39.055,0.025605,48.058,305.46,1.4304,6.4525,9.5758,1577.2,-1.0024,16.88,0.14522,liquid
33.678,20.265,38.56,0.025933,60.763,321.46,1.9176,6.5354,9.902,1560.6,-0.95415,15.844,0.14576,supercritical
35.321,20.265,38.056,0.026277,73.84,338,2.3968,6.6085,10.216,1543.9,-0.90912,14.943,0.14601,supercritical
36.965,20.265,37.543,0.026636,87.267,355.03,2.8683,6.6722,10.518,1527.1,-0.86685,14.153,0.14599,supercritical
38.608,20.265,37.021,0.027011,101.02,372.56,3.3321,6.7274,10.807,1510.2,-0.82696,13.455,0.14573,supercritical
40.251,20.265,36.493,0.027402,115.08,390.55,3.7883,6.7747,11.082,1493.3,-0.78913,12.834,0.14527,supercritical
41.895,20.265,35.959,0.027809,129.42,408.98,4.237,6.8151,11.345,1476.5,-0.75308,12.278,0.14465,supercritical
43.538,20.265,35.42,0.028233,144.01,427.83,4.6784,6.8492,11.595,1459.9,-0.71858,11.779,0.14388,supercritical
45.182,20.265,34.876,0.028673,158.84,447.08,5.1124,6.8778,11.831,1443.4,-0.68545,11.329,0.14299,supercritical
46.825,20.265,34.329,0.02913,173.88,466.71,5.5391,6.9019,12.054,1427.3,-0.65354,10.92,0.14202,supercritical
48.469,20.265,33.78,0.029603,189.1,486.69,5.9585,6.9221,12.264,1411.4,-0.62274,10.548,0.14098,supercritical
50.112,20.265,33.23,0.030093,204.5,507.01,6.3708,6.9391,12.461,1395.9,-0.59299,10.209,0.13953,supercritical
51.755,20.265,32.68,0.0306,220.03,527.64,6.7759,6.9535,12.645,1380.9,-0.56423,9.8981,0.13838,supercritical
53.399,20.265,32.131,0.031123,235.7,548.56,7.1738,6.966,12.815,1366.4,-0.53643,9.613,0.13722,supercritical
55.042,20.265,31.583,0.031662,251.46,569.76,7.5647,6.9772,12.972,1352.3,-0.50958,9.3509,0.13606,supercritical
56.686,20.265,31.039,0.032218,267.32,591.19,7.9484,6.9874,13.115,1338.9,-0.4837,9.1096,0.1349,supercritical
58.329,20.265,30.498,0.032789,283.24,612.85,8.3251,6.9971,13.245,1326,-0.45879,8.8871,0.13377,supercritical
59.972,20.265,29.963,0.033375,299.21,634.72,8.6948,7.0068,13.363,1313.7,-0.43486,8.6818,0.13266,supercritical
61.616,20.265,29.433,0.033976,315.22,656.77,9.0575,7.0167,13.468,1302.1,-0.41194,8.4921,0.13159,supercritical
63.259,20.265,28.91,0.03459,331.25,678.98,9.4132,7.0272,13.561,1291.1,-0.39006,8.3169,0.13055,supercritical
64.903,20.265,28.394,0.035219,347.29,701.34,9.7621,7.0384,13.643,1280.8,-0.36922,8.1549,0.12956,supercritical
66.546,20.265,27.887,0.03586,363.33,723.81,10.104,7.0506,13.713,1271,-0.34944,8.0051,0.12862,supercritical
68.189,20.265,27.388,0.036512,379.35,746.4,10.439,7.064,13.774,1261.9,-0.33074,7.8667,0.12773,supercritical
69.833,20.265,26.899,0.037177,395.36,769.08,10.768,7.0787,13.825,1253.5,-0.31311,7.7388,0.12689,supercritical
71.476,20.265,26.419,0.037851,411.33,791.84,11.09,7.0948,13.868,1245.6,-0.29655,7.6207,0.1261,supercritical
73.12,20.265,25.95,0.038536,427.27,814.66,11.406,7.1123,13.903,1238.3,-0.28106,7.5117,0.12536,supercritical
74.763,20.265,25.491,0.039229,443.17,837.53,11.715,7.1313,13.931,1231.6,-0.26662,7.4111,0.12467,supercritical
76.406,20.265,25.043,0.039931,459.03,860.45,12.018,7.1519,13.953,1225.5,-0.25321,7.3184,0.12404,supercritical
78.05,20.265,24.606,0.04064,474.85,883.39,12.315,7.174,13.969,1219.8,-0.24082,7.2331,0.12346,supercritical
79.693,20.265,24.18,0.041357,490.61,906.36,12.607,7.1976,13.981,1214.6,-0.22941,7.1547,0.12293,supercritical
81.337,20.265,23.765,0.042079,506.33,929.34,12.892,7.2227,13.989,1210,-0.21895,7.0827,0.12246,supercritical
82.98,20.265,23.361,0.042807,522.01,952.33,13.172,7.2493,13.993,1205.7,-0.20943,7.0167,0.12203,supercritical
84.623,20.265,22.967,0.04354,537.63,975.33,13.446,7.2773,13.995,1201.9,-0.20078,6.9563,0.12165,supercritical
86.267,20.265,22.584,0.044278,553.22,998.33,13.716,7.3066,13.994,1198.5,-0.19299,6.9012,0.12132,supercritical
87.91,20.265,22.212,0.04502,568.76,1021.3,13.98,7.3373,13.991,1195.4,-0.18602,6.851,0.12103,supercritical
89.554,20.265,21.851,0.045765,584.25,1044.3,14.239,7.3692,13.987,1192.8,-0.17982,6.8053,0.12079,supercritical
91.197,20.265,21.499,0.046513,599.71,1067.3,14.493,7.4022,13.982,1190.4,-0.17435,6.764,0.1206,supercritical
92.84,20.265,21.158,0.047264,615.14,1090.3,14.743,7.4364,13.976,1188.4,-0.16957,6.7267,0.12045,supercritical
94.484,20.265,20.826,0.048017,630.53,1113.2,14.988,7.4715,13.97,1186.7,-0.16546,6.6932,0.12034,supercritical
96.127,20.265,20.503,0.048772,645.9,1136.2,15.229,7.5076,13.964,1185.2,-0.16195,6.6633,0.12027,supercritical
97.771,20.265,20.19,0.049529,661.23,1159.1,15.465,7.5446,13.958,1184,-0.15902,6.6366,0.12024,supercritical
99.414,20.265,19.886,0.050287,676.55,1182.1,15.698,7.5823,13.952,1183.1,-0.15663,6.6131,0.12025,supercritical
101.06,20.265,19.59,0.051046,691.84,1205,15.927,7.6207,13.946,1182.4,-0.15474,6.5925,0.12029,supercritical
102.7,20.265,19.303,0.051806,707.12,1227.9,16.152,7.6598,13.941,1181.9,-0.15332,6.5746,0.12038,supercritical
104.34,20.265,19.024,0.052566,722.39,1250.8,16.373,7.6994,13.937,1181.6,-0.15233,6.5593,0.12049,supercritical
105.99,20.265,18.752,0.053327,737.64,1273.7,16.591,7.7394,13.933,1181.5,-0.15173,6.5465,0.12064,supercritical
107.63,20.265,18.489,0.054087,752.89,1296.6,16.805,7.7799,13.93,1181.6,-0.15151,6.5359,0.12082,supercritical
109.27,20.265,18.232,0.054848,768.13,1319.5,17.016,7.8207,13.928,1181.9,-0.15162,6.5275,0.12103,supercritical
110.92,20.265,17.983,0.055609,783.37,1342.4,17.224,7.8619,13.926,1182.3,-0.15204,6.521,0.12128,supercritical
112.56,20.265,17.74,0.05637,798.61,1365.3,17.429,7.9032,13.925,1182.9,-0.15275,6.5165,0.12155,supercritical
114.2,20.265,17.504,0.05713,813.85,1388.2,17.631,7.9446,13.925,1183.6,-0.15372,6.5138,0.12185,supercritical
115.85,20.265,17.274,0.05789,829.1,1411,17.83,7.9862,13.926,1184.4,-0.15492,6.5128,0.12217,supercritical
117.49,20.265,17.051,0.058649,844.35,1433.9,18.026,8.0278,13.928,1185.4,-0.15634,6.5133,0.12252,supercritical
119.13,20.265,16.833,0.059407,859.62,1456.8,18.219,8.0694,13.931,1186.5,-0.15795,6.5153,0.1229,supercritical
120.78,20.265,16.621,0.060165,874.89,1479.7,18.41,8.111,13.934,1187.8,-0.15974,6.5188,0.1233,supercritical
122.42,20.265,16.414,0.060923,890.18,1502.6,18.599,8.1525,13.938,1189.1,-0.16168,6.5236,0.12372,supercritical
124.07,20.265,16.213,0.061679,905.49,1525.5,18.784,8.1938,13.943,1190.5,-0.16377,6.5297,0.12416,supercritical
125.71,20.265,16.017,0.062435,920.81,1548.4,18.968,8.235,13.948,1192,-0.16598,6.5369,0.12463,supercritical
127.35,20.265,15.825,0.063189,936.15,1571.4,19.149,8.2759,13.954,1193.6,-0.16831,6.5453,0.12511,supercritical
129,20.265,15.639,0.063943,951.51,1594.3,19.328,8.3166,13.961,1195.3,-0.17074,6.5547,0.12561,supercritical
130.64,20.265,15.457,0.064696,966.89,1617.3,19.505,8.3571,13.968,1197.1,-0.17326,6.5652,0.12613,supercritical
132.28,20.265,15.279,0.065448,982.29,1640.2,19.68,8.3972,13.976,1199,-0.17585,6.5766,0.12667,supercritical
133.93,20.265,15.106,0.066199,997.72,1663.2,19.852,8.437,13.984,1200.9,-0.17851,6.5889,0.12722,supercritical
135.57,20.265,14.937,0.066949,1013.2,1686.2,20.023,8.4765,13.992,1202.9,-0.18124,6.6021,0.12779,supercritical
137.21,20.265,14.771,0.067699,1028.6,1709.2,20.191,8.5156,14.001,1204.9,-0.18401,6.6161,0.12837,supercritical
138.86,20.265,14.61,0.068447,1044.1,1732.2,20.358,8.5543,14.011,1207,-0.18683,6.6309,0.12897,supercritical
140.5,20.265,14.452,0.069194,1059.7,1755.2,20.523,8.5926,14.021,1209.2,-0.18968,6.6464,0.12958,supercritical
142.14,20.265,14.298,0.06994,1075.2,1778.3,20.686,8.6304,14.031,1211.4,-0.19257,6.6626,0.1302,supercritical
143.79,20.265,14.147,0.070685,1090.8,1801.4,20.848,8.6679,14.041,1213.7,-0.19548,6.6795,0.13084,supercritical
145.43,20.265,14,0.071429,1106.4,1824.4,21.007,8.7048,14.052,1216,-0.19841,6.697,0.13149,supercritical
147.07,20.265,13.856,0.072173,1122,1847.5,21.165,8.7414,14.062,1218.4,-0.20135,6.7151,0.13214,supercritical
148.72,20.265,13.715,0.072915,1137.7,1870.7,21.321,8.7774,14.074,1220.8,-0.20431,6.7337,0.13281,supercritical
150.36,20.265,13.577,0.073656,1153.4,1893.8,21.476,8.813,14.085,1223.3,-0.20727,6.7529,0.13349,supercritical
152,20.265,13.442,0.074396,1169.1,1917,21.629,8.8481,14.096,1225.8,-0.21024,6.7726,0.13417,supercritical
153.65,20.265,13.309,0.075135,1184.8,1940.1,21.781,8.8827,14.108,1228.3,-0.2132,6.7928,0.13487,supercritical
155.29,20.265,13.18,0.075874,1200.6,1963.3,21.931,8.9168,14.119,1230.8,-0.21616,6.8135,0.13557,supercritical
156.93,20.265,13.053,0.076611,1216.4,1986.5,22.08,8.9504,14.131,1233.4,-0.21912,6.8346,0.13628,supercritical
158.58,20.265,12.929,0.077348,1232.2,2009.8,22.227,8.9834,14.143,1236.1,-0.22207,6.8562,0.13699,supercritical
160.22,20.265,12.807,0.078083,1248.1,2033,22.373,9.016,14.154,1238.7,-0.22502,6.8781,0.13772,supercritical
161.86,20.265,12.688,0.078818,1264,2056.3,22.518,9.0481,14.166,1241.4,-0.22795,6.9004,0.13845,supercritical
163.51,20.265,12.57,0.079551,1279.9,2079.6,22.661,9.0797,14.178,1244.1,-0.23086,6.9231,0.13918,supercritical
165.15,20.265,12.456,0.080284,1295.8,2102.9,22.803,9.1108,14.19,1246.8,-0.23377,6.9462,0.13992,supercritical
166.79,20.265,12.343,0.081016,1311.8,2126.2,22.943,9.1413,14.202,1249.6,-0.23665,6.9695,0.14066,supercritical
168.44,20.265,12.233,0.081747,1327.8,2149.6,23.082,9.1714,14.213,1252.4,-0.23952,6.9932,0.14141,supercritical
170.08,20.265,12.125,0.082477,1343.8,2172.9,23.22,9.2009,14.225,1255.2,-0.24238,7.0172,0.14217,supercritical
171.72,20.265,12.018,0.083207,1359.9,2196.3,23.357,9.23,14.237,1258,-0.24521,7.0415,0.14293,supercritical
173.37,20.265,11.914,0.083935,1376,2219.7,23.493,9.2585,14.248,1260.8,-0.24803,7.0661,0.14369,supercritical
175.01,20.265,11.812,0.084663,1392.1,2243.2,23.627,9.2866,14.26,1263.7,-0.25082,7.0909,0.14445,supercritical
176.65,20.265,11.711,0.08539,1408.2,2266.6,23.761,9.3141,14.271,1266.6,-0.25359,7.116,0.14522,supercritical
178.3,20.265,11.612,0.086116,1424.4,2290.1,23.893,9.3412,14.283,1269.5,-0.25635,7.1413,0.14599,supercritical
179.94,20.265,11.515,0.086841,1440.6,2313.5,24.024,9.3678,14.294,1272.4,-0.25908,7.1669,0.14676,supercritical
181.58,20.265,11.42,0.087566,1456.8,2337,24.154,9.3939,14.305,1275.3,-0.26179,7.1926,0.14754,supercritical
183.23,20.265,11.326,0.08829,1473,2360.6,24.283,9.4195,14.316,1278.2,-0.26447,7.2186,0.14831,supercritical
184.87,20.265,11.234,0.089013,1489.3,2384.1,24.411,9.4446,14.327,1281.2,-0.26714,7.2448,0.14909,supercritical
186.51,20.265,11.144,0.089735,1505.6,2407.7,24.538,9.4693,14.338,1284.1,-0.26978,7.2712,0.14987,supercritical
188.16,20.265,11.055,0.090457,1521.9,2431.2,24.664,9.4936,14.348,1287.1,-0.2724,7.2978,0.15065,supercritical
189.8,20.265,10.968,0.091178,1538.2,2454.8,24.788,9.5173,14.359,1290,-0.275,7.3245,0.15144,supercritical
191.44,20.265,10.882,0.091898,1554.6,2478.4,24.912,9.5406,14.369,1293,-0.27757,7.3514,0.15222,supercritical
193.09,20.265,10.797,0.092617,1571,2502,25.035,9.5635,14.379,1296,-0.28012,7.3785,0.153,supercritical
194.73,20.265,10.714,0.093336,1587.4,2525.7,25.157,9.5859,14.389,1299,-0.28265,7.4057,0.15379,supercritical
196.37,20.265,10.632,0.094054,1603.8,2549.3,25.278,9.6079,14.399,1302,-0.28516,7.433,0.15458,supercritical
198.02,20.265,10.552,0.094772,1620.3,2573,25.398,9.6295,14.409,1305.1,-0.28764,7.4605,0.15536,supercritical
199.66,20.265,10.472,0.095489,1636.8,2596.7,25.517,9.6506,14.418,1308.1,-0.2901,7.4882,0.15615,supercritical
201.31,20.265,10.394,0.096205,1653.3,2620.4,25.635,9.6713,14.428,1311.1,-0.29254,7.516,0.15694,supercritical
202.95,20.265,10.318,0.096921,1669.8,2644.1,25.753,9.6916,14.437,1314.2,-0.29496,7.5438,0.15772,supercritical
204.59,20.265,10.242,0.097636,1686.3,2667.8,25.869,9.7115,14.446,1317.2,-0.29735,7.5719,0.15851,supercritical
206.24,20.265,10.168,0.09835,1702.9,2691.6,25.985,9.731,14.455,1320.2,-0.29972,7.6,0.1593,supercritical
207.88,20.265,10.095,0.099064,1719.5,2715.4,26.1,9.7501,14.464,1323.3,-0.30208,7.6282,0.16008,supercritical
209.52,20.265,10.022,0.099777,1736.1,2739.1,26.213,9.7688,14.472,1326.3,-0.3044,7.6565,0.16087,supercritical
211.17,20.265,9.9513,0.10049,1752.7,2762.9,26.327,9.7871,14.481,1329.4,-0.30671,7.685,0.16166,supercritical
212.81,20.265,9.8812,0.1012,1769.4,2786.7,26.439,9.8051,14.489,1332.5,-0.309,7.7135,0.16244,supercritical
214.45,20.265,9.8123,0.10191,1786,2810.5,26.55,9.8227,14.497,1335.5,-0.31126,7.7421,0.16323,supercritical
216.1,20.265,9.7443,0.10262,1802.7,2834.4,26.661,9.8399,14.505,1338.6,-0.31351,7.7708,0.16401,supercritical
217.74,20.265,9.6773,0.10333,1819.4,2858.2,26.771,9.8567,14.513,1341.7,-0.31573,7.7995,0.16479,supercritical
219.38,20.265,9.6112,0.10404,1836.2,2882.1,26.88,9.8732,14.52,1344.8,-0.31794,7.8284,0.16558,supercritical
221.03,20.265,9.5462,0.10475,1852.9,2905.9,26.989,9.8893,14.528,1347.8,-0.32012,7.8573,0.16636,supercritical
222.67,20.265,9.482,0.10546,1869.6,2929.8,27.096,9.9051,14.535,1350.9,-0.32229,7.8863,0.16714,supercritical
224.31,20.265,9.4187,0.10617,1886.4,2953.7,27.203,9.9205,14.542,1354,-0.32443,7.9154,0.16792,supercritical
225.96,20.265,9.3563,0.10688,1903.2,2977.6,27.309,9.9356,14.549,1357.1,-0.32656,7.9445,0.1687,supercritical
227.6,20.265,9.2948,0.10759,1920,3001.5,27.415,9.9504,14.556,1360.2,-0.32866,7.9737,0.16947,supercritical
229.24,20.265,9.2341,0.10829,1936.8,3025.5,27.519,9.9649,14.562,1363.3,-0.33075,8.0029,0.17025,supercritical
230.89,20.265,9.1743,0.109,1953.7,3049.4,27.624,9.979,14.569,1366.3,-0.33282,8.0322,0.17102,supercritical
232.53,20.265,9.1152,0.10971,1970.5,3073.4,27.727,9.9928,14.575,1369.4,-0.33487,8.0616,0.1718,supercritical
234.17,20.265,9.057,0.11041,1987.4,3097.3,27.83,10.006,14.581,1372.5,-0.3369,8.091,0.17257,supercritical
235.82,20.265,8.9995,0.11112,2004.3,3121.3,27.932,10.02,14.587,1375.6,-0.33892,8.1205,0.17334,supercritical
237.46,20.265,8.9428,0.11182,2021.1,3145.3,28.033,10.032,14.593,1378.7,-0.34091,8.15,0.17411,supercritical
239.1,20.265,8.8868,0.11253,2038.1,3169.2,28.134,10.045,14.598,1381.8,-0.34289,8.1795,0.17488,supercritical
240.75,20.265,8.8316,0.11323,2055,3193.2,28.234,10.057,14.604,1384.9,-0.34485,8.2091,0.17565,supercritical
242.39,20.265,8.7771,0.11393,2071.9,3217.2,28.333,10.07,14.609,1388,-0.3468,8.2387,0.17642,supercritical
244.03,20.265,8.7232,0.11464,2088.9,3241.3,28.432,10.081,14.615,1391,-0.34872,8.2684,0.17718,supercritical
245.68,20.265,8.6701,0.11534,2105.8,3265.3,28.53,10.093,14.62,1394.1,-0.35064,8.298,0.17794,supercritical
247.32,20.265,8.6176,0.11604,2122.8,3289.3,28.627,10.104,14.624,1397.2,-0.35253,8.3278,0.17871,supercritical
248.96,20.265,8.5658,0.11674,2139.8,3313.3,28.724,10.115,14.629,1400.3,-0.35441,8.3575,0.17947,supercritical
250.61,20.265,8.5147,0.11744,2156.8,3337.4,28.82,10.126,14.634,1403.4,-0.35627,8.3873,0.18023,supercritical
252.25,20.265,8.4641,0.11815,2173.8,3361.4,28.916,10.136,14.638,1406.5,-0.35812,8.4171,0.18098,supercritical
253.89,20.265,8.4142,0.11885,2190.8,3385.5,29.011,10.146,14.643,1409.5,-0.35995,8.4469,0.18174,supercritical
255.54,20.265,8.3649,0.11955,2207.8,3409.6,29.106,10.156,14.647,1412.6,-0.36177,8.4768,0.18249,supercritical
257.18,20.265,8.3162,0.12025,2224.8,3433.6,29.199,10.166,14.651,1415.7,-0.36357,8.5067,0.18325,supercritical
258.82,20.265,8.2681,0.12095,2241.9,3457.7,29.293,10.176,14.655,1418.8,-0.36535,8.5366,0.184,supercritical
260.47,20.265,8.2206,0.12165,2259,3481.8,29.386,10.185,14.659,1421.8,-0.36712,8.5665,0.18475,supercritical
262.11,20.265,8.1737,0.12234,2276,3505.9,29.478,10.194,14.662,1424.9,-0.36888,8.5965,0.1855,supercritical
263.75,20.265,8.1273,0.12304,2293.1,3530,29.569,10.203,14.666,1428,-0.37062,8.6264,0.18624,supercritical
265.4,20.265,8.0814,0.12374,2310.2,3554.1,29.661,10.211,14.669,1431,-0.37235,8.6564,0.18699,supercritical
267.04,20.265,8.0361,0.12444,2327.3,3578.2,29.751,10.22,14.673,1434.1,-0.37406,8.6864,0.18773,supercritical
268.68,20.265,7.9913,0.12514,2344.4,3602.3,29.841,10.228,14.676,1437.2,-0.37576,8.7164,0.18848,supercritical
270.33,20.265,7.947,0.12583,2361.5,3626.5,29.931,10.236,14.679,1440.2,-0.37745,8.7464,0.18922,supercritical
271.97,20.265,7.9032,0.12653,2378.6,3650.6,30.02,10.244,14.682,1443.3,-0.37912,8.7764,0.18996,supercritical
273.61,20.265,7.86,0.12723,2395.7,3674.7,30.108,10.251,14.685,1446.3,-0.38078,8.8065,0.1907,supercritical
275.26,20.265,7.8172,0.12792,2412.9,3698.8,30.196,10.259,14.687,1449.4,-0.38242,8.8365,0.19143,supercritical
276.9,20.265,7.7749,0.12862,2430,3723,30.283,10.266,14.69,1452.4,-0.38406,8.8665,0.19217,supercritical
278.55,20.265,7.733,0.12932,2447.2,3747.1,30.37,10.273,14.692,1455.5,-0.38568,8.8966,0.1929,supercritical
280.19,20.265,7.6917,0.13001,2464.3,3771.3,30.457,10.28,14.695,1458.5,-0.38728,8.9267,0.19363,supercritical
281.83,20.265,7.6508,0.13071,2481.5,3795.4,30.543,10.286,14.697,1461.6,-0.38888,8.9567,0.19436,supercritical
283.48,20.265,7.6103,0.1314,2498.7,3819.6,30.628,10.293,14.699,1464.6,-0.39046,8.9868,0.19509,supercritical
285.12,20.265,7.5703,0.1321,2515.8,3843.7,30.713,10.299,14.701,1467.7,-0.39203,9.0169,0.19582,supercritical
286.76,20.265,7.5307,0.13279,2533,3867.9,30.798,10.305,14.703,1470.7,-0.39358,9.047,0.19655,supercritical
288.41,20.265,7.4916,0.13348,2550.2,3892.1,30.882,10.311,14.705,1473.7,-0.39513,9.0771,0.19727,supercritical
290.05,20.265,7.4528,0.13418,2567.4,3916.2,30.965,10.317,14.707,1476.8,-0.39666,9.1071,0.198,supercritical
291.69,20.265,7.4145,0.13487,2584.6,3940.4,31.048,10.322,14.709,1479.8,-0.39818,9.1372,0.19872,supercritical
293.34,20.265,7.3766,0.13556,2601.8,3964.6,31.131,10.328,14.71,1482.8,-0.39969,9.1673,0.19944,supercritical
294.98,20.265,7.3391,0.13626,2619,3988.8,31.213,10.333,14.712,1485.8,-0.40119,9.1974,0.20016,supercritical
296.62,20.265,7.302,0.13695,2636.2,4012.9,31.295,10.338,14.713,1488.8,-0.40268,9.2275,0.20087,supercritical
298.27,20.265,7.2652,0.13764,2653.4,4037.1,31.376,10.343,14.715,1491.8,-0.40415,9.2576,0.20159,supercritical
299.91,20.265,7.2289,0.13833,2670.7,4061.3,31.457,10.348,14.716,1494.9,-0.40562,9.2876,0.20231,supercritical
301.55,20.265,7.1929,0.13903,2687.9,4085.5,31.538,10.353,14.717,1497.9,-0.40707,9.3177,0.20302,supercritical
303.2,20.265,7.1573,0.13972,2705.1,4109.7,31.618,10.358,14.718,1500.9,-0.40851,9.3478,0.20373,supercritical
304.84,20.265,7.122,0.14041,2722.4,4133.9,31.697,10.362,14.719,1503.9,-0.40994,9.3778,0.20444,supercritical
306.48,20.265,7.0871,0.1411,2739.6,4158.1,31.776,10.366,14.72,1506.9,-0.41136,9.4079,0.20515,supercritical
308.13,20.265,7.0526,0.14179,2756.9,4182.2,31.855,10.371,14.721,1509.8,-0.41277,9.438,0.20586,supercritical
309.77,20.265,7.0184,0.14248,2774.1,4206.4,31.933,10.375,14.722,1512.8,-0.41417,9.468,0.20656,supercritical
311.41,20.265,6.9845,0.14317,2791.4,4230.6,32.011,10.379,14.723,1515.8,-0.41556,9.498,0.20727,supercritical
313.06,20.265,6.951,0.14386,2808.6,4254.8,32.089,10.383,14.723,1518.8,-0.41694,9.5281,0.20797,supercritical
314.7,20.265,6.9178,0.14455,2825.9,4279,32.166,10.386,14.724,1521.8,-0.41831,9.5581,0.20868,supercritical
316.34,20.265,6.885,0.14524,2843.1,4303.2,32.242,10.39,14.724,1524.7,-0.41966,9.5881,0.20938,supercritical
317.99,20.265,6.8524,0.14593,2860.4,4327.4,32.319,10.394,14.725,1527.7,-0.42101,9.6181,0.21008,supercritical
319.63,20.265,6.8202,0.14662,2877.7,4351.6,32.395,10.397,14.725,1530.7,-0.42235,9.6481,0.21078,supercritical
321.27,20.265,6.7883,0.14731,2894.9,4375.8,32.47,10.4,14.726,1533.6,-0.42368,9.6781,0.21147,supercritical
322.92,20.265,6.7567,0.148,2912.2,4400,32.545,10.403,14.726,1536.6,-0.425,9.7081,0.21217,supercritical
324.56,20.265,6.7254,0.14869,2929.5,4424.2,32.62,10.407,14.726,1539.6,-0.42631,9.7381,0.21286,supercritical
326.2,20.265,6.6944,0.14938,2946.8,4448.4,32.694,10.41,14.726,1542.5,-0.42761,9.7681,0.21356,supercritical
327.85,20.265,6.6637,0.15007,2964,4472.6,32.768,10.412,14.727,1545.5,-0.4289,9.798,0.21425,supercritical
329.49,20.265,6.6332,0.15076,2981.3,4496.8,32.842,10.415,14.727,1548.4,-0.43018,9.828,0.21494,supercritical
331.13,20.265,6.6031,0.15144,2998.6,4521,32.915,10.418,14.727,1551.3,-0.43145,9.8579,0.21563,supercritical
332.78,20.265,6.5732,0.15213,3015.9,4545.2,32.988,10.421,14.727,1554.3,-0.43271,9.8878,0.21632,supercritical
334.42,20.265,6.5437,0.15282,3033.2,4569.4,33.061,10.423,14.727,1557.2,-0.43396,9.9177,0.21701,supercritical
336.06,20.265,6.5144,0.15351,3050.5,4593.6,33.133,10.426,14.726,1560.1,-0.4352,9.9476,0.21769,supercritical
337.71,20.265,6.4853,0.15419,3067.8,4617.8,33.205,10.428,14.726,1563.1,-0.43644,9.9775,0.21838,supercritical
339.35,20.265,6.4565,0.15488,3085.1,4642,33.276,10.43,14.726,1566,-0.43766,10.007,0.21906,supercritical
340.99,20.265,6.428,0.15557,3102.4,4666.2,33.347,10.433,14.726,1568.9,-0.43888,10.037,0.21975,supercritical
342.64,20.265,6.3998,0.15626,3119.6,4690.4,33.418,10.435,14.726,1571.8,-0.44009,10.067,0.22043,supercritical
344.28,20.265,6.3718,0.15694,3136.9,4714.6,33.489,10.437,14.725,1574.7,-0.44129,10.097,0.22111,supercritical
345.92,20.265,6.344,0.15763,3154.2,4738.8,33.559,10.439,14.725,1577.6,-0.44248,10.127,0.22179,supercritical
347.57,20.265,6.3165,0.15832,3171.5,4763,33.629,10.441,14.724,1580.5,-0.44366,10.157,0.22247,supercritical
349.21,20.265,6.2892,0.159,3188.8,4787.2,33.698,10.443,14.724,1583.4,-0.44483,10.186,0.22314,supercritical
350.86,20.265,6.2622,0.15969,3206.1,4811.4,33.767,10.444,14.724,1586.3,-0.446,10.216,0.22382,supercritical
352.5,20.265,6.2354,0.16037,3223.4,4835.6,33.836,10.446,14.723,1589.2,-0.44716,10.246,0.2245,supercritical
354.14,20.265,6.2089,0.16106,3240.7,4859.8,33.905,10.448,14.723,1592.1,-0.4483,10.276,0.22517,supercritical
355.79,20.265,6.1826,0.16174,3258,4884,33.973,10.449,14.722,1595,-0.44945,10.305,0.22584,supercritical
357.43,20.265,6.1565,0.16243,3275.3,4908.2,34.041,10.451,14.721,1597.9,-0.45058,10.335,0.22652,supercritical
359.07,20.265,6.1306,0.16312,3292.7,4932.4,34.108,10.452,14.721,1600.7,-0.4517,10.365,0.22719,supercritical
360.72,20.265,6.105,0.1638,3310,4956.6,34.175,10.454,14.72,1603.6,-0.45282,10.394,0.22786,supercritical
362.36,20.265,6.0796,0.16449,3327.3,4980.8,34.242,10.455,14.719,1606.5,-0.45392,10.424,0.22853,supercritical
364,20.265,6.0544,0.16517,3344.6,5005,34.309,10.456,14.719,1609.3,-0.45502,10.454,0.22919,supercritical
365.65,20.265,6.0294,0.16586,3361.9,5029.2,34.375,10.458,14.718,1612.2,-0.45612,10.483,0.22986,supercritical
367.29,20.265,6.0046,0.16654,3379.2,5053.3,34.441,10.459,14.717,1615,-0.4572,10.513,0.23053,supercritical
368.93,20.265,5.98,0.16722,3396.5,5077.5,34.507,10.46,14.716,1617.9,-0.45828,10.543,0.23119,supercritical
370.58,20.265,5.9556,0.16791,3413.8,5101.7,34.572,10.461,14.716,1620.7,-0.45935,10.572,0.23186,supercritical
372.22,20.265,5.9315,0.16859,3431.1,5125.9,34.637,10.462,14.715,1623.6,-0.46041,10.602,0.23252,supercritical
373.86,20.265,5.9075,0.16928,3448.4,5150.1,34.702,10.463,14.714,1626.4,-0.46146,10.631,0.23318,supercritical
375.51,20.265,5.8837,0.16996,3465.7,5174.3,34.767,10.464,14.713,1629.2,-0.46251,10.661,0.23384,supercritical
377.15,20.265,5.8602,0.17064,3483,5198.4,34.831,10.465,14.712,1632.1,-0.46354,10.69,0.2345,supercritical
378.79,20.265,5.8368,0.17133,3500.3,5222.6,34.895,10.466,14.711,1634.9,-0.46458,10.72,0.23516,supercritical
380.44,20.265,5.8136,0.17201,3517.6,5246.8,34.959,10.467,14.711,1637.7,-0.4656,10.749,0.23582,supercritical
382.08,20.265,5.7906,0.17269,3534.9,5271,35.022,10.468,14.71,1640.5,-0.46662,10.779,0.23648,supercritical
383.72,20.265,5.7678,0.17338,3552.2,5295.1,35.085,10.469,14.709,1643.4,-0.46763,10.808,0.23714,supercritical
385.37,20.265,5.7451,0.17406,3569.5,5319.3,35.148,10.47,14.708,1646.2,-0.46863,10.838,0.23779,supercritical
387.01,20.265,5.7227,0.17474,3586.8,5343.5,35.211,10.47,14.707,1649,-0.46962,10.867,0.23845,supercritical
388.65,20.265,5.7004,0.17543,3604.1,5367.7,35.273,10.471,14.706,1651.8,-0.47061,10.897,0.2391,supercritical
390.3,20.265,5.6783,0.17611,3621.5,5391.8,35.335,10.472,14.705,1654.6,-0.47159,10.926,0.23976,supercritical
391.94,20.265,5.6564,0.17679,3638.8,5416,35.397,10.472,14.704,1657.4,-0.47256,10.955,0.24041,supercritical
393.58,20.265,5.6346,0.17747,3656.1,5440.2,35.458,10.473,14.703,1660.1,-0.47353,10.985,0.24106,supercritical
395.23,20.265,5.613,0.17816,3673.4,5464.3,35.519,10.473,14.702,1662.9,-0.47449,11.014,0.24171,supercritical
396.87,20.265,5.5916,0.17884,3690.7,5488.5,35.58,10.474,14.701,1665.7,-0.47544,11.043,0.24236,supercritical
398.51,20.265,5.5704,0.17952,3708,5512.6,35.641,10.474,14.7,1668.5,-0.47639,11.073,0.24301,supercritical
400.16,20.265,5.5493,0.1802,3725.3,5536.8,35.702,10.475,14.699,1671.3,-0.47733,11.102,0.24366,supercritical
401.8,20.265,5.5284,0.18089,3742.6,5560.9,35.762,10.475,14.698,1674,-0.47826,11.131,0.24431,supercritical
403.44,20.265,5.5076,0.18157,3759.9,5585.1,35.822,10.476,14.697,1676.8,-0.47918,11.161,0.24496,supercritical
405.09,20.265,5.487,0.18225,3777.2,5609.3,35.882,10.476,14.696,1679.5,-0.4801,11.19,0.24561,supercritical
406.73,20.265,5.4666,0.18293,3794.5,5633.4,35.941,10.477,14.695,1682.3,-0.48102,11.219,0.24625,supercritical
408.37,20.265,5.4463,0.18361,3811.8,5657.6,36,10.477,14.694,1685.1,-0.48192,11.248,0.2469,supercritical
410.02,20.265,5.4261,0.18429,3829.1,5681.7,36.059,10.477,14.693,1687.8,-0.48282,11.277,0.24754,supercritical
411.66,20.265,5.4061,0.18497,3846.4,5705.8,36.118,10.478,14.692,1690.5,-0.48371,11.307,0.24818,supercritical
413.3,20.265,5.3863,0.18566,3863.6,5730,36.177,10.478,14.691,1693.3,-0.4846,11.336,0.24883,supercritical
414.95,20.265,5.3666,0.18634,3880.9,5754.1,36.235,10.478,14.69,1696,-0.48548,11.365,0.24947,supercritical
416.59,20.265,5.3471,0.18702,3898.2,5778.3,36.293,10.479,14.689,1698.8,-0.48635,11.394,0.25011,supercritical
418.23,20.265,5.3277,0.1877,3915.5,5802.4,36.351,10.479,14.688,1701.5,-0.48722,11.423,0.25075,supercritical
419.88,20.265,5.3084,0.18838,3932.8,5826.5,36.409,10.479,14.687,1704.2,-0.48808,11.452,0.25139,supercritical
421.52,20.265,5.2893,0.18906,3950.1,5850.7,36.466,10.479,14.685,1706.9,-0.48894,11.481,0.25203,supercritical
423.16,20.265,5.2703,0.18974,3967.4,5874.8,36.523,10.48,14.684,1709.6,-0.48979,11.51,0.25267,supercritical
424.81,20.265,5.2515,0.19042,3984.7,5898.9,36.58,10.48,14.683,1712.4,-0.49063,11.539,0.25331,supercritical
426.45,20.265,5.2328,0.1911,4002,5923.1,36.637,10.48,14.682,1715.1,-0.49146,11.568,0.25395,supercritical
428.1,20.265,5.2142,0.19178,4019.3,5947.2,36.693,10.48,14.681,1717.8,-0.49229,11.597,0.25459,supercritical
429.74,20.265,5.1958,0.19246,4036.6,5971.3,36.749,10.48,14.68,1720.5,-0.49312,11.626,0.25522,supercritical
431.38,20.265,5.1775,0.19314,4053.9,5995.5,36.805,10.481,14.679,1723.2,-0.49394,11.655,0.25586,supercritical
433.03,20.265,5.1594,0.19382,4071.1,6019.6,36.861,10.481,14.678,1725.8,-0.49475,11.684,0.25649,supercritical
434.67,20.265,5.1413,0.1945,4088.4,6043.7,36.917,10.481,14.677,1728.5,-0.49556,11.713,0.25713,supercritical
436.31,20.265,5.1234,0.19518,4105.7,6067.8,36.972,10.481,14.676,1731.2,-0.49636,11.742,0.25776,supercritical
437.96,20.265,5.1056,0.19586,4123,6091.9,37.027,10.481,14.675,1733.9,-0.49715,11.771,0.2584,supercritical
439.6,20.265,5.088,0.19654,4140.3,6116.1,37.082,10.481,14.674,1736.6,-0.49794,11.799,0.25903,supercritical
441.24,20.265,5.0704,0.19722,4157.6,6140.2,37.137,10.481,14.673,1739.2,-0.49872,11.828,0.25966,supercritical
442.89,20.265,5.053,0.1979,4174.8,6164.3,37.192,10.482,14.672,1741.9,-0.4995,11.857,0.26029,supercritical
444.53,20.265,5.0357,0.19858,4192.1,6188.4,37.246,10.482,14.671,1744.6,-0.50027,11.886,0.26093,supercritical
446.17,20.265,5.0186,0.19926,4209.4,6212.5,37.3,10.482,14.67,1747.2,-0.50104,11.915,0.26156,supercritical
447.82,20.265,5.0015,0.19994,4226.7,6236.6,37.354,10.482,14.669,1749.9,-0.5018,11.943,0.26219,supercritical
449.46,20.265,4.9846,0.20062,4244,6260.7,37.408,10.482,14.668,1752.5,-0.50255,11.972,0.26282,supercritical
451.1,20.265,4.9678,0.2013,4261.2,6284.8,37.461,10.482,14.667,1755.2,-0.5033,12.001,0.26345,supercritical
452.75,20.265,4.9511,0.20198,4278.5,6308.9,37.515,10.482,14.667,1757.8,-0.50405,12.03,0.26407,supercritical
454.39,20.265,4.9345,0.20266,4295.8,6333,37.568,10.482,14.666,1760.5,-0.50478,12.058,0.2647,supercritical
456.03,20.265,4.918,0.20334,4313.1,6357.1,37.621,10.482,14.665,1763.1,-0.50552,12.087,0.26533,supercritical
457.68,20.265,4.9016,0.20401,4330.3,6381.2,37.674,10.482,14.664,1765.7,-0.50625,12.116,0.26596,supercritical
459.32,20.265,4.8854,0.20469,4347.6,6405.3,37.726,10.482,14.663,1768.4,-0.50697,12.144,0.26659,supercritical
460.96,20.265,4.8692,0.20537,4364.9,6429.4,37.778,10.482,14.662,1771,-0.50768,12.173,0.26721,supercritical
462.61,20.265,4.8532,0.20605,4382.2,6453.5,37.831,10.482,14.661,1773.6,-0.5084,12.201,0.26784,supercritical
464.25,20.265,4.8373,0.20673,4399.4,6477.6,37.883,10.482,14.66,1776.2,-0.5091,12.23,0.26846,supercritical
465.89,20.265,4.8214,0.20741,4416.7,6501.7,37.934,10.483,14.659,1778.9,-0.5098,12.258,0.26909,supercritical
467.54,20.265,4.8057,0.20809,4434,6525.8,37.986,10.483,14.658,1781.5,-0.5105,12.287,0.26971,supercritical
469.18,20.265,4.7901,0.20876,4451.2,6549.9,38.037,10.483,14.658,1784.1,-0.51119,12.316,0.27034,supercritical
470.82,20.265,4.7746,0.20944,4468.5,6574,38.089,10.483,14.657,1786.7,-0.51187,12.344,0.27096,supercritical
472.47,20.265,4.7592,0.21012,4485.8,6598.1,38.14,10.483,14.656,1789.3,-0.51256,12.372,0.27158,supercritical
474.11,20.265,4.7439,0.2108,4503.1,6622.1,38.191,10.483,14.655,1791.9,-0.51323,12.401,0.27221,supercritical
475.75,20.265,4.7287,0.21148,4520.3,6646.2,38.241,10.483,14.654,1794.5,-0.5139,12.429,0.27283,supercritical
477.4,20.265,4.7135,0.21215,4537.6,6670.3,38.292,10.483,14.654,1797,-0.51457,12.458,0.27345,supercritical
479.04,20.265,4.6985,0.21283,4554.8,6694.4,38.342,10.483,14.653,1799.6,-0.51523,12.486,0.27407,supercritical
480.68,20.265,4.6836,0.21351,4572.1,6718.5,38.392,10.483,14.652,1802.2,-0.51588,12.515,0.27469,supercritical
482.33,20.265,4.6688,0.21419,4589.4,6742.5,38.442,10.483,14.651,1804.8,-0.51653,12.543,0.27531,supercritical
483.97,20.265,4.6541,0.21487,4606.6,6766.6,38.492,10.483,14.651,1807.4,-0.51718,12.571,0.27594,supercritical
485.61,20.265,4.6394,0.21554,4623.9,6790.7,38.542,10.483,14.65,1809.9,-0.51782,12.6,0.27656,supercritical
487.26,20.265,4.6249,0.21622,4641.2,6814.8,38.591,10.483,14.649,1812.5,-0.51845,12.628,0.27718,supercritical
488.9,20.265,4.6104,0.2169,4658.4,6838.9,38.641,10.483,14.648,1815,-0.51909,12.656,0.27779,supercritical
490.54,20.265,4.5961,0.21758,4675.7,6862.9,38.69,10.484,14.648,1817.6,-0.51971,12.684,0.27841,supercritical
492.19,20.265,4.5818,0.21825,4693,6887,38.739,10.484,14.647,1820.2,-0.52033,12.713,0.27903,supercritical
493.83,20.265,4.5676,0.21893,4710.2,6911.1,38.788,10.484,14.646,1822.7,-0.52095,12.741,0.27965,supercritical
495.47,20.265,4.5535,0.21961,4727.5,6935.1,38.836,10.484,14.646,1825.3,-0.52156,12.769,0.28027,supercritical
497.12,20.265,4.5395,0.22029,4744.7,6959.2,38.885,10.484,14.645,1827.8,-0.52217,12.797,0.28089,supercritical
498.76,20.265,4.5256,0.22096,4762,6983.3,38.933,10.484,14.644,1830.3,-0.52277,12.826,0.2815,supercritical
500.4,20.265,4.5118,0.22164,4779.3,7007.3,38.981,10.484,14.644,1832.9,-0.52337,12.854,0.28212,supercritical
502.05,20.265,4.4981,0.22232,4796.5,7031.4,39.029,10.484,14.643,1835.4,-0.52397,12.882,0.28274,supercritical
503.69,20.265,4.4844,0.223,4813.8,7055.5,39.077,10.484,14.643,1837.9,-0.52456,12.91,0.28335,supercritical
505.34,20.265,4.4708,0.22367,4831,7079.5,39.125,10.484,14.642,1840.4,-0.52514,12.938,0.28397,supercritical
506.98,20.265,4.4573,0.22435,4848.3,7103.6,39.173,10.485,14.641,1843,-0.52572,12.966,0.28459,supercritical
508.62,20.265,4.4439,0.22503,4865.5,7127.7,39.22,10.485,14.641,1845.5,-0.5263,12.994,0.2852,supercritical
510.27,20.265,4.4306,0.2257,4882.8,7151.7,39.267,10.485,14.64,1848,-0.52687,13.022,0.28582,supercritical
511.91,20.265,4.4174,0.22638,4900,7175.8,39.314,10.485,14.64,1850.5,-0.52744,13.05,0.28643,supercritical
513.55,20.265,4.4042,0.22706,4917.3,7199.8,39.361,10.485,14.639,1853,-0.528,13.078,0.28704,supercritical
515.2,20.265,4.3911,0.22773,4934.6,7223.9,39.408,10.485,14.639,1855.5,-0.52856,13.106,0.28766,supercritical
516.84,20.265,4.3781,0.22841,4951.8,7247.9,39.455,10.485,14.638,1858,-0.52911,13.134,0.28827,supercritical
518.48,20.265,4.3652,0.22909,4969.1,7272,39.501,10.486,14.638,1860.5,-0.52966,13.162,0.28889,supercritical
520.13,20.265,4.3523,0.22976,4986.3,7296.1,39.547,10.486,14.637,1863,-0.53021,13.19,0.2895,supercritical
521.77,20.265,4.3395,0.23044,5003.6,7320.1,39.593,10.486,14.637,1865.5,-0.53075,13.218,0.29011,supercritical
523.41,20.265,4.3268,0.23112,5020.8,7344.2,39.64,10.486,14.636,1868,-0.53129,13.246,0.29073,supercritical
525.06,20.265,4.3142,0.23179,5038.1,7368.2,39.685,10.486,14.636,1870.5,-0.53182,13.274,0.29134,supercritical
526.7,20.265,4.3017,0.23247,5055.3,7392.3,39.731,10.487,14.636,1872.9,-0.53235,13.302,0.29195,supercritical
528.34,20.265,4.2892,0.23315,5072.6,7416.3,39.777,10.487,14.635,1875.4,-0.53288,13.33,0.29256,supercritical
529.99,20.265,4.2768,0.23382,5089.8,7440.4,39.822,10.487,14.635,1877.9,-0.5334,13.358,0.29318,supercritical
531.63,20.265,4.2644,0.2345,5107.1,7464.4,39.867,10.487,14.634,1880.4,-0.53392,13.385,0.29379,supercritical
533.27,20.265,4.2522,0.23517,5124.3,7488.5,39.913,10.487,14.634,1882.8,-0.53443,13.413,0.2944,supercritical
534.92,20.265,4.24,0.23585,5141.6,7512.5,39.958,10.488,14.634,1885.3,-0.53494,13.441,0.29501,supercritical
536.56,20.265,4.2279,0.23653,5158.9,7536.6,40.003,10.488,14.633,1887.7,-0.53544,13.469,0.29562,supercritical
538.2,20.265,4.2158,0.2372,5176.1,7560.6,40.047,10.488,14.633,1890.2,-0.53594,13.497,0.29623,supercritical
539.85,20.265,4.2038,0.23788,5193.4,7584.7,40.092,10.488,14.633,1892.6,-0.53644,13.524,0.29684,supercritical
541.49,20.265,4.1919,0.23855,5210.6,7608.7,40.136,10.489,14.633,1895.1,-0.53693,13.552,0.29745,supercritical
543.13,20.265,4.1801,0.23923,5227.9,7632.8,40.181,10.489,14.632,1897.5,-0.53742,13.58,0.29806,supercritical
544.78,20.265,4.1683,0.23991,5245.1,7656.8,40.225,10.489,14.632,1900,-0.53791,13.607,0.29867,supercritical
546.42,20.265,4.1566,0.24058,5262.4,7680.9,40.269,10.49,14.632,1902.4,-0.53839,13.635,0.29928,supercritical
548.06,20.265,4.145,0.24126,5279.6,7704.9,40.313,10.49,14.632,1904.8,-0.53887,13.663,0.29989,supercritical
549.71,20.265,4.1334,0.24193,5296.9,7728.9,40.357,10.49,14.631,1907.3,-0.53934,13.69,0.3005,supercritical
551.35,20.265,4.1219,0.24261,5314.1,7753,40.4,10.491,14.631,1909.7,-0.53981,13.718,0.30111,supercritical
552.99,20.265,4.1104,0.24328,5331.4,7777,40.444,10.491,14.631,1912.1,-0.54028,13.746,0.30172,supercritical
554.64,20.265,4.099,0.24396,5348.6,7801.1,40.487,10.491,14.631,1914.5,-0.54074,13.773,0.30233,supercritical
556.28,20.265,4.0877,0.24464,5365.9,7825.1,40.531,10.492,14.631,1917,-0.5412,13.801,0.30294,supercritical
557.92,20.265,4.0765,0.24531,5383.1,7849.2,40.574,10.492,14.63,1919.4,-0.54166,13.828,0.30355,supercritical
559.57,20.265,4.0653,0.24599,5400.4,7873.2,40.617,10.492,14.63,1921.8,-0.54211,13.856,0.30416,supercritical
561.21,20.265,4.0541,0.24666,5417.6,7897.3,40.66,10.493,14.63,1924.2,-0.54256,13.883,0.30477,supercritical
562.85,20.265,4.0431,0.24734,5434.9,7921.3,40.703,10.493,14.63,1926.6,-0.543,13.911,0.30537,supercritical
564.5,20.265,4.032,0.24801,5452.1,7945.3,40.745,10.493,14.63,1929,-0.54345,13.938,0.30598,supercritical
566.14,20.265,4.0211,0.24869,5469.4,7969.4,40.788,10.494,14.63,1931.4,-0.54388,13.966,0.30659,supercritical
567.78,20.265,4.0102,0.24936,5486.7,7993.4,40.83,10.494,14.63,1933.8,-0.54432,13.993,0.3072,supercritical
569.43,20.265,3.9994,0.25004,5503.9,8017.5,40.872,10.495,14.63,1936.2,-0.54475,14.021,0.3078,supercritical
571.07,20.265,3.9886,0.25071,5521.2,8041.5,40.915,10.495,14.63,1938.6,-0.54518,14.048,0.30841,supercritical
572.71,20.265,3.9779,0.25139,5538.4,8065.6,40.957,10.495,14.63,1941,-0.5456,14.075,0.30902,supercritical
574.36,20.265,3.9672,0.25206,5555.7,8089.6,40.999,10.496,14.63,1943.3,-0.54602,14.103,0.30963,supercritical
576,20.265,3.9566,0.25274,5572.9,8113.6,41.04,10.496,14.63,1945.7,-0.54644,14.13,0.31023,supercritical
577.64,20.265,3.9461,0.25341,5590.2,8137.7,41.082,10.497,14.63,1948.1,-0.54685,14.157,0.31084,supercritical
579.29,20.265,3.9356,0.25409,5607.4,8161.7,41.124,10.497,14.63,1950.5,-0.54726,14.185,0.31145,supercritical
580.93,20.265,3.9252,0.25476,5624.7,8185.8,41.165,10.498,14.63,1952.8,-0.54767,14.212,0.31205,supercritical
582.58,20.265,3.9148,0.25544,5642,8209.8,41.206,10.498,14.63,1955.2,-0.54807,14.239,0.31266,supercritical
584.22,20.265,3.9045,0.25611,5659.2,8233.9,41.248,10.499,14.63,1957.6,-0.54847,14.267,0.31327,supercritical
585.86,20.265,3.8942,0.25679,5676.5,8257.9,41.289,10.499,14.63,1959.9,-0.54887,14.294,0.31387,supercritical
587.51,20.265,3.884,0.25746,5693.7,8281.9,41.33,10.5,14.63,1962.3,-0.54926,14.321,0.31448,supercritical
589.15,20.265,3.8739,0.25814,5711,8306,41.371,10.5,14.63,1964.6,-0.54965,14.348,0.31509,supercritical
590.79,20.265,3.8638,0.25881,5728.3,8330,41.411,10.501,14.63,1967,-0.55004,14.376,0.31569,supercritical
592.44,20.265,3.8537,0.25949,5745.5,8354.1,41.452,10.501,14.63,1969.3,-0.55043,14.403,0.3163,supercritical
594.08,20.265,3.8437,0.26016,5762.8,8378.1,41.492,10.502,14.631,1971.7,-0.55081,14.43,0.31691,supercritical
595.72,20.265,3.8338,0.26084,5780,8402.2,41.533,10.502,14.631,1974,-0.55119,14.457,0.31751,supercritical
597.37,20.265,3.8239,0.26151,5797.3,8426.2,41.573,10.503,14.631,1976.4,-0.55156,14.484,0.31812,supercritical
599.01,20.265,3.8141,0.26219,5814.6,8450.3,41.613,10.504,14.631,1978.7,-0.55193,14.511,0.31872,supercritical
600.65,20.265,3.8043,0.26286,5831.8,8474.3,41.653,10.504,14.631,1981,-0.5523,14.538,0.31933,supercritical
602.3,20.265,3.7945,0.26354,5849.1,8498.3,41.693,10.505,14.632,1983.3,-0.55267,14.566,0.31994,supercritical
603.94,20.265,3.7848,0.26421,5866.3,8522.4,41.733,10.505,14.632,1985.7,-0.55303,14.593,0.32054,supercritical
605.58,20.265,3.7752,0.26489,5883.6,8546.4,41.773,10.506,14.632,1988,-0.55339,14.62,0.32115,supercritical
607.23,20.265,3.7656,0.26556,5900.9,8570.5,41.813,10.507,14.632,1990.3,-0.55374,14.647,0.32175,supercritical
608.87,20.265,3.7561,0.26624,5918.1,8594.5,41.852,10.507,14.633,1992.6,-0.5541,14.674,0.32236,supercritical
610.51,20.265,3.7466,0.26691,5935.4,8618.6,41.892,10.508,14.633,1994.9,-0.55445,14.701,0.32296,supercritical
612.16,20.265,3.7371,0.26758,5952.7,8642.6,41.931,10.508,14.633,1997.3,-0.5548,14.728,0.32357,supercritical
613.8,20.265,3.7277,0.26826,5970,8666.7,41.97,10.509,14.633,1999.6,-0.55514,14.755,0.32417,supercritical
615.44,20.265,3.7184,0.26893,5987.2,8690.7,42.009,10.51,14.634,2001.9,-0.55548,14.782,0.32478,supercritical
617.09,20.265,3.7091,0.26961,6004.5,8714.8,42.048,10.51,14.634,2004.2,-0.55582,14.809,0.32538,supercritical
618.73,20.265,3.6998,0.27028,6021.8,8738.8,42.087,10.511,14.634,2006.5,-0.55616,14.836,0.32599,supercritical
620.37,20.265,3.6906,0.27096,6039,8762.9,42.126,10.512,14.635,2008.8,-0.55649,14.863,0.32659,supercritical
622.02,20.265,3.6815,0.27163,6056.3,8786.9,42.165,10.513,14.635,2011.1,-0.55682,14.889,0.3272,supercritical
623.66,20.265,3.6724,0.2723,6073.6,8811,42.204,10.513,14.635,2013.3,-0.55715,14.916,0.32781,supercritical
625.3,20.265,3.6633,0.27298,6090.9,8835,42.242,10.514,14.636,2015.6,-0.55747,14.943,0.32841,supercritical
626.95,20.265,3.6543,0.27365,6108.1,8859.1,42.28,10.515,14.636,2017.9,-0.55779,14.97,0.32902,supercritical
628.59,20.265,3.6453,0.27433,6125.4,8883.1,42.319,10.515,14.637,2020.2,-0.55811,14.997,0.32962,supercritical
630.23,20.265,3.6363,0.275,6142.7,8907.2,42.357,10.516,14.637,2022.5,-0.55843,15.024,0.33023,supercritical
631.88,20.265,3.6275,0.27568,6160,8931.2,42.395,10.517,14.638,2024.8,-0.55874,15.05,0.33083,supercritical
633.52,20.265,3.6186,0.27635,6177.2,8955.3,42.433,10.518,14.638,2027,-0.55905,15.077,0.33144,supercritical
635.16,20.265,3.6098,0.27702,6194.5,8979.4,42.471,10.518,14.638,2029.3,-0.55936,15.104,0.33204,supercritical
636.81,20.265,3.601,0.2777,6211.8,9003.4,42.509,10.519,14.639,2031.6,-0.55966,15.131,0.33265,supercritical
638.45,20.265,3.5923,0.27837,6229.1,9027.5,42.547,10.52,14.639,2033.8,-0.55996,15.158,0.33325,supercritical
640.09,20.265,3.5836,0.27905,6246.4,9051.5,42.584,10.521,14.64,2036.1,-0.56026,15.184,0.33386,supercritical
641.74,20.265,3.575,0.27972,6263.7,9075.6,42.622,10.522,14.64,2038.3,-0.56056,15.211,0.33446,supercritical
643.38,20.265,3.5664,0.28039,6280.9,9099.6,42.659,10.522,14.641,2040.6,-0.56086,15.238,0.33507,supercritical
645.02,20.265,3.5579,0.28107,6298.2,9123.7,42.697,10.523,14.642,2042.9,-0.56115,15.264,0.33567,supercritical
646.67,20.265,3.5494,0.28174,6315.5,9147.8,42.734,10.524,14.642,2045.1,-0.56144,15.291,0.33628,supercritical
648.31,20.265,3.5409,0.28242,6332.8,9171.8,42.771,10.525,14.643,2047.4,-0.56172,15.318,0.33688,supercritical
649.95,20.265,3.5325,0.28309,6350.1,9195.9,42.808,10.526,14.643,2049.6,-0.56201,15.344,0.33749,supercritical
651.6,20.265,3.5241,0.28376,6367.4,9220,42.845,10.527,14.644,2051.8,-0.56229,15.371,0.33809,supercritical
653.24,20.265,3.5157,0.28444,6384.7,9244,42.882,10.528,14.644,2054.1,-0.56257,15.398,0.3387,supercritical
654.88,20.265,3.5074,0.28511,6402,9268.1,42.919,10.529,14.645,2056.3,-0.56284,15.424,0.3393,supercritical
656.53,20.265,3.4991,0.28578,6419.3,9292.2,42.955,10.529,14.646,2058.5,-0.56312,15.451,0.33991,supercritical
658.17,20.265,3.4909,0.28646,6436.6,9316.2,42.992,10.53,14.646,2060.8,-0.56339,15.477,0.34051,supercritical
659.82,20.265,3.4827,0.28713,6453.9,9340.3,43.029,10.531,14.647,2063,-0.56366,15.504,0.34112,supercritical
661.46,20.265,3.4746,0.28781,6471.2,9364.4,43.065,10.532,14.648,2065.2,-0.56392,15.53,0.34172,supercritical
663.1,20.265,3.4665,0.28848,6488.5,9388.5,43.101,10.533,14.648,2067.4,-0.56419,15.557,0.34233,supercritical
664.75,20.265,3.4584,0.28915,6505.8,9412.5,43.138,10.534,14.649,2069.7,-0.56445,15.583,0.34293,supercritical
666.39,20.265,3.4503,0.28983,6523.1,9436.6,43.174,10.535,14.65,2071.9,-0.56471,15.61,0.34354,supercritical
668.03,20.265,3.4423,0.2905,6540.4,9460.7,43.21,10.536,14.65,2074.1,-0.56496,15.636,0.34414,supercritical
669.68,20.265,3.4344,0.29117,6557.7,9484.8,43.246,10.537,14.651,2076.3,-0.56522,15.663,0.34475,supercritical
671.32,20.265,3.4264,0.29185,6575,9508.8,43.282,10.538,14.652,2078.5,-0.56547,15.689,0.34535,supercritical
672.96,20.265,3.4186,0.29252,6592.3,9532.9,43.318,10.539,14.653,2080.7,-0.56572,15.716,0.34596,supercritical
674.61,20.265,3.4107,0.29319,6609.6,9557,43.353,10.54,14.653,2082.9,-0.56597,15.742,0.34657,supercritical
676.25,20.265,3.4029,0.29387,6626.9,9581.1,43.389,10.541,14.654,2085.1,-0.56621,15.768,0.34717,supercritical
677.89,20.265,3.3951,0.29454,6644.2,9605.2,43.425,10.542,14.655,2087.3,-0.56645,15.795,0.34778,supercritical
679.54,20.265,3.3874,0.29521,6661.5,9629.2,43.46,10.543,14.656,2089.5,-0.56669,15.821,0.34838,supercritical
681.18,20.265,3.3797,0.29589,6678.9,9653.3,43.495,10.544,14.656,2091.7,-0.56693,15.847,0.34899,supercritical
682.82,20.265,3.372,0.29656,6696.2,9677.4,43.531,10.545,14.657,2093.9,-0.56717,15.874,0.34959,supercritical
684.47,20.265,3.3643,0.29724,6713.5,9701.5,43.566,10.546,14.658,2096.1,-0.5674,15.9,0.3502,supercritical
686.11,20.265,3.3567,0.29791,6730.8,9725.6,43.601,10.547,14.659,2098.3,-0.56763,15.926,0.35081,supercritical
687.75,20.265,3.3492,0.29858,6748.1,9749.7,43.636,10.548,14.66,2100.5,-0.56786,15.953,0.35141,supercritical
689.4,20.265,3.3416,0.29926,6765.5,9773.8,43.671,10.549,14.661,2102.6,-0.56809,15.979,0.35202,supercritical
691.04,20.265,3.3341,0.29993,6782.8,9797.9,43.706,10.55,14.662,2104.8,-0.56831,16.005,0.35262,supercritical
692.68,20.265,3.3267,0.3006,6800.1,9822,43.741,10.552,14.662,2107,-0.56853,16.031,0.35323,supercritical
694.33,20.265,3.3192,0.30128,6817.4,9846.1,43.776,10.553,14.663,2109.2,-0.56875,16.058,0.35384,supercritical
695.97,20.265,3.3118,0.30195,6834.8,9870.2,43.81,10.554,14.664,2111.3,-0.56897,16.084,0.35444,supercritical
697.61,20.265,3.3045,0.30262,6852.1,9894.3,43.845,10.555,14.665,2113.5,-0.56918,16.11,0.35505,supercritical
699.26,20.265,3.2971,0.3033,6869.4,9918.4,43.879,10.556,14.666,2115.7,-0.5694,16.136,0.35566,supercritical
700.9,20.265,3.2898,0.30397,6886.8,9942.5,43.914,10.557,14.667,2117.8,-0.56961,16.162,0.35626,supercritical
702.54,20.265,3.2825,0.30464,6904.1,9966.6,43.948,10.558,14.668,2120,-0.56982,16.189,0.35687,supercritical
704.19,20.265,3.2753,0.30531,6921.4,9990.7,43.983,10.559,14.669,2122.1,-0.57002,16.215,0.35748,supercritical
705.83,20.265,3.2681,0.30599,6938.8,10015,44.017,10.561,14.67,2124.3,-0.57023,16.241,0.35808,supercritical
707.47,20.265,3.2609,0.30666,6956.1,10039,44.051,10.562,14.671,2126.4,-0.57043,16.267,0.35869,supercritical
709.12,20.265,3.2538,0.30733,6973.5,10063,44.085,10.563,14.672,2128.6,-0.57063,16.293,0.3593,supercritical
710.76,20.265,3.2467,0.30801,6990.8,10087,44.119,10.564,14.673,2130.7,-0.57083,16.319,0.3599,supercritical
712.4,20.265,3.2396,0.30868,7008.2,10111,44.153,10.565,14.674,2132.9,-0.57103,16.345,0.36051,supercritical
714.05,20.265,3.2325,0.30935,7025.5,10135,44.187,10.567,14.675,2135,-0.57122,16.371,0.36112,supercritical
715.69,20.265,3.2255,0.31003,7042.9,10159,44.22,10.568,14.676,2137.2,-0.57141,16.397,0.36173,supercritical
717.33,20.265,3.2185,0.3107,7060.2,10184,44.254,10.569,14.677,2139.3,-0.5716,16.423,0.36233,supercritical
718.98,20.265,3.2116,0.31137,7077.6,10208,44.288,10.57,14.678,2141.4,-0.57179,16.449,0.36294,supercritical
720.62,20.265,3.2047,0.31205,7094.9,10232,44.321,10.572,14.679,2143.6,-0.57198,16.475,0.36355,supercritical
722.26,20.265,3.1978,0.31272,7112.3,10256,44.354,10.573,14.68,2145.7,-0.57216,16.501,0.36416,supercritical
723.91,20.265,3.1909,0.31339,7129.6,10280,44.388,10.574,14.681,2147.8,-0.57234,16.527,0.36476,supercritical
725.55,20.265,3.1841,0.31406,7147,10304,44.421,10.576,14.682,2149.9,-0.57252,16.553,0.36537,supercritical
727.19,20.265,3.1772,0.31474,7164.4,10328,44.454,10.577,14.683,2152.1,-0.5727,16.579,0.36598,supercritical
728.84,20.265,3.1705,0.31541,7181.7,10352,44.488,10.578,14.685,2154.2,-0.57288,16.605,0.36659,supercritical
730.48,20.265,3.1637,0.31608,7199.1,10377,44.521,10.579,14.686,2156.3,-0.57305,16.631,0.3672,supercritical
732.12,20.265,3.157,0.31676,7216.5,10401,44.554,10.581,14.687,2158.4,-0.57322,16.657,0.3678,supercritical
733.77,20.265,3.1503,0.31743,7233.9,10425,44.587,10.582,14.688,2160.5,-0.57339,16.683,0.36841,supercritical
735.41,20.265,3.1436,0.3181,7251.2,10449,44.619,10.583,14.689,2162.6,-0.57356,16.709,0.36902,supercritical
737.06,20.265,3.137,0.31878,7268.6,10473,44.652,10.585,14.69,2164.7,-0.57373,16.735,0.36963,supercritical
738.7,20.265,3.1304,0.31945,7286,10497,44.685,10.586,14.692,2166.8,-0.57389,16.761,0.37024,supercritical
740.34,20.265,3.1238,0.32012,7303.4,10521,44.718,10.587,14.693,2168.9,-0.57406,16.786,0.37085,supercritical
741.99,20.265,3.1173,0.32079,7320.7,10546,44.75,10.589,14.694,2171,-0.57422,16.812,0.37146,supercritical
743.63,20.265,3.1107,0.32147,7338.1,10570,44.783,10.59,14.695,2173.1,-0.57438,16.838,0.37207,supercritical
745.27,20.265,3.1042,0.32214,7355.5,10594,44.815,10.592,14.696,2175.2,-0.57453,16.864,0.37268,supercritical
746.92,20.265,3.0978,0.32281,7372.9,10618,44.847,10.593,14.698,2177.3,-0.57469,16.89,0.37329,supercritical
748.56,20.265,3.0913,0.32349,7390.3,10642,44.88,10.594,14.699,2179.4,-0.57484,16.915,0.3739,supercritical
750.2,20.265,3.0849,0.32416,7407.7,10666,44.912,10.596,14.7,2181.5,-0.57499,16.941,0.3745,supercritical
751.85,20.265,3.0785,0.32483,7425.1,10691,44.944,10.597,14.701,2183.6,-0.57514,16.967,0.37511,supercritical
753.49,20.265,3.0722,0.3255,7442.5,10715,44.976,10.599,14.703,2185.7,-0.57529,16.993,0.37572,supercritical
755.13,20.265,3.0658,0.32618,7459.9,10739,45.008,10.6,14.704,2187.7,-0.57544,17.018,0.37633,supercritical
756.78,20.265,3.0595,0.32685,7477.3,10763,45.04,10.602,14.705,2189.8,-0.57558,17.044,0.37694,supercritical
758.42,20.265,3.0532,0.32752,7494.7,10787,45.072,10.603,14.707,2191.9,-0.57572,17.07,0.37756,supercritical
760.06,20.265,3.047,0.32819,7512.1,10811,45.104,10.605,14.708,2194,-0.57587,17.095,0.37817,supercritical
761.71,20.265,3.0407,0.32887,7529.5,10836,45.136,10.606,14.709,2196,-0.576,17.121,0.37878,supercritical
763.35,20.265,3.0345,0.32954,7546.9,10860,45.167,10.608,14.711,2198.1,-0.57614,17.147,0.37939,supercritical
764.99,20.265,3.0284,0.33021,7564.3,10884,45.199,10.609,14.712,2200.2,-0.57628,17.172,0.38,supercritical
766.64,20.265,3.0222,0.33089,7581.8,10908,45.231,10.611,14.713,2202.2,-0.57641,17.198,0.38061,supercritical
768.28,20.265,3.0161,0.33156,7599.2,10932,45.262,10.612,14.715,2204.3,-0.57654,17.223,0.38122,supercritical
769.92,20.265,3.01,0.33223,7616.6,10956,45.294,10.614,14.716,2206.3,-0.57667,17.249,0.38183,supercritical
771.57,20.265,3.0039,0.3329,7634,10981,45.325,10.615,14.718,2208.4,-0.5768,17.275,0.38244,supercritical
773.21,20.265,2.9978,0.33358,7651.5,11005,45.356,10.617,14.719,2210.5,-0.57693,17.3,0.38305,supercritical
774.85,20.265,2.9918,0.33425,7668.9,11029,45.388,10.618,14.72,2212.5,-0.57705,17.326,0.38367,supercritical
776.5,20.265,2.9858,0.33492,7686.3,11053,45.419,10.62,14.722,2214.6,-0.57718,17.351,0.38428,supercritical
778.14,20.265,2.9798,0.33559,7703.7,11077,45.45,10.621,14.723,2216.6,-0.5773,17.377,0.38489,supercritical
779.78,20.265,2.9738,0.33627,7721.2,11102,45.481,10.623,14.725,2218.7,-0.57742,17.402,0.3855,supercritical
781.43,20.265,2.9679,0.33694,7738.6,11126,45.512,10.625,14.726,2220.7,-0.57754,17.428,0.38611,supercritical
783.07,20.265,2.962,0.33761,7756.1,11150,45.543,10.626,14.728,2222.7,-0.57765,17.453,0.38673,supercritical
784.71,20.265,2.9561,0.33828,7773.5,11174,45.574,10.628,14.729,2224.8,-0.57777,17.479,0.38734,supercritical
786.36,20.265,2.9502,0.33896,7791,11198,45.605,10.63,14.731,2226.8,-0.57788,17.504,0.38795,supercritical
788,20.265,2.9444,0.33963,7808.4,11223,45.635,10.631,14.732,2228.8,-0.578,17.53,0.38857,supercritical
789.64,20.265,2.9386,0.3403,7825.9,11247,45.666,10.633,14.734,2230.9,-0.57811,17.555,0.38918,supercritical
791.29,20.265,2.9328,0.34097,7843.3,11271,45.697,10.634,14.735,2232.9,-0.57822,17.581,0.38979,supercritical
792.93,20.265,2.927,0.34165,7860.8,11295,45.727,10.636,14.737,2234.9,-0.57832,17.606,0.3904,supercritical
794.57,20.265,2.9213,0.34232,7878.2,11319,45.758,10.638,14.738,2237,-0.57843,17.631,0.39102,supercritical
796.22,20.265,2.9155,0.34299,7895.7,11344,45.788,10.639,14.74,2239,-0.57853,17.657,0.39163,supercritical
797.86,20.265,2.9098,0.34366,7913.2,11368,45.819,10.641,14.741,2241,-0.57863,17.682,0.39225,supercritical
799.5,20.265,2.9041,0.34434,7930.6,11392,45.849,10.643,14.743,2243,-0.57874,17.707,0.39286,supercritical
801.15,20.265,2.8985,0.34501,7948.1,11416,45.879,10.645,14.745,2245,-0.57883,17.733,0.39347,supercritical
802.79,20.265,2.8928,0.34568,7965.6,11441,45.909,10.646,14.746,2247,-0.57893,17.758,0.39409,supercritical
804.43,20.265,2.8872,0.34635,7983,11465,45.94,10.648,14.748,2249.1,-0.57903,17.783,0.3947,supercritical
806.08,20.265,2.8816,0.34703,8000.5,11489,45.97,10.65,14.749,2251.1,-0.57912,17.809,0.39532,supercritical
807.72,20.265,2.8761,0.3477,8018,11513,46,10.651,14.751,2253.1,-0.57922,17.834,0.39593,supercritical
809.37,20.265,2.8705,0.34837,8035.5,11538,46.03,10.653,14.753,2255.1,-0.57931,17.859,0.39655,supercritical
811.01,20.265,2.865,0.34904,8053,11562,46.06,10.655,14.754,2257.1,-0.5794,17.885,0.39716,supercritical
812.65,20.265,2.8595,0.34972,8070.5,11586,46.09,10.657,14.756,2259.1,-0.57949,17.91,0.39778,supercritical
814.3,20.265,2.854,0.35039,8088,11610,46.119,10.658,14.758,2261.1,-0.57957,17.935,0.39839,supercritical
815.94,20.265,2.8485,0.35106,8105.5,11635,46.149,10.66,14.759,2263.1,-0.57966,17.96,0.39901,supercritical
817.58,20.265,2.8431,0.35173,8122.9,11659,46.179,10.662,14.761,2265.1,-0.57974,17.986,0.39962,supercritical
819.23,20.265,2.8376,0.3524,8140.4,11683,46.208,10.664,14.763,2267.1,-0.57983,18.011,0.40024,supercritical
820.87,20.265,2.8322,0.35308,8158,11707,46.238,10.666,14.764,2269,-0.57991,18.036,0.40086,supercritical
822.51,20.265,2.8269,0.35375,8175.5,11732,46.268,10.667,14.766,2271,-0.57999,18.061,0.40147,supercritical
824.16,20.265,2.8215,0.35442,8193,11756,46.297,10.669,14.768,2273,-0.58007,18.086,0.40209,supercritical
825.8,20.265,2.8162,0.35509,8210.5,11780,46.326,10.671,14.77,2275,-0.58014,18.112,0.40271,supercritical
827.44,20.265,2.8108,0.35577,8228,11804,46.356,10.673,14.771,2277,-0.58022,18.137,0.40332,supercritical
829.09,20.265,2.8055,0.35644,8245.5,11829,46.385,10.675,14.773,2279,-0.58029,18.162,0.40394,supercritical
830.73,20.265,2.8003,0.35711,8263,11853,46.414,10.677,14.775,2280.9,-0.58037,18.187,0.40456,supercritical
832.37,20.265,2.795,0.35778,8280.6,11877,46.444,10.679,14.777,2282.9,-0.58044,18.212,0.40517,supercritical
834.02,20.265,2.7897,0.35846,8298.1,11902,46.473,10.68,14.778,2284.9,-0.58051,18.237,0.40579,supercritical
835.66,20.265,2.7845,0.35913,8315.6,11926,46.502,10.682,14.78,2286.9,-0.58057,18.262,0.40641,supercritical
837.3,20.265,2.7793,0.3598,8333.2,11950,46.531,10.684,14.782,2288.8,-0.58064,18.287,0.40703,supercritical
838.95,20.265,2.7741,0.36047,8350.7,11974,46.56,10.686,14.784,2290.8,-0.58071,18.312,0.40765,supercritical
840.59,20.265,2.769,0.36114,8368.2,11999,46.589,10.688,14.786,2292.8,-0.58077,18.337,0.40826,supercritical
842.23,20.265,2.7638,0.36182,8385.8,12023,46.618,10.69,14.787,2294.7,-0.58083,18.362,0.40888,supercritical
843.88,20.265,2.7587,0.36249,8403.3,12047,46.646,10.692,14.789,2296.7,-0.5809,18.387,0.4095,supercritical
845.52,20.265,2.7536,0.36316,8420.9,12072,46.675,10.694,14.791,2298.6,-0.58096,18.412,0.41012,supercritical
847.16,20.265,2.7485,0.36383,8438.4,12096,46.704,10.696,14.793,2300.6,-0.58101,18.437,0.41074,supercritical
848.81,20.265,2.7434,0.36451,8456,12120,46.733,10.698,14.795,2302.5,-0.58107,18.462,0.41136,supercritical
850.45,20.265,2.7384,0.36518,8473.5,12145,46.761,10.7,14.797,2304.5,-0.58113,18.487,0.41198,supercritical
852.09,20.265,2.7334,0.36585,8491.1,12169,46.79,10.702,14.799,2306.4,-0.58118,18.512,0.4126,supercritical
853.74,20.265,2.7284,0.36652,8508.7,12193,46.818,10.704,14.8,2308.4,-0.58124,18.537,0.41322,supercritical
855.38,20.265,2.7234,0.36719,8526.2,12218,46.847,10.706,14.802,2310.3,-0.58129,18.562,0.41384,supercritical
857.02,20.265,2.7184,0.36787,8543.8,12242,46.875,10.708,14.804,2312.3,-0.58134,18.587,0.41446,supercritical
858.67,20.265,2.7134,0.36854,8561.4,12266,46.904,10.71,14.806,2314.2,-0.58139,18.612,0.41508,supercritical
860.31,20.265,2.7085,0.36921,8578.9,12291,46.932,10.712,14.808,2316.2,-0.58144,18.637,0.4157,supercritical
861.95,20.265,2.7036,0.36988,8596.5,12315,46.96,10.714,14.81,2318.1,-0.58148,18.662,0.41632,supercritical
863.6,20.265,2.6987,0.37055,8614.1,12339,46.988,10.716,14.812,2320,-0.58153,18.687,0.41694,supercritical
865.24,20.265,2.6938,0.37123,8631.7,12364,47.017,10.718,14.814,2322,-0.58157,18.712,0.41756,supercritical
866.88,20.265,2.6889,0.3719,8649.3,12388,47.045,10.72,14.816,2323.9,-0.58162,18.737,0.41818,supercritical
868.53,20.265,2.6841,0.37257,8666.9,12412,47.073,10.722,14.818,2325.8,-0.58166,18.761,0.4188,supercritical
870.17,20.265,2.6792,0.37324,8684.5,12437,47.101,10.724,14.82,2327.8,-0.5817,18.786,0.41942,supercritical
871.81,20.265,2.6744,0.37392,8702.1,12461,47.129,10.726,14.822,2329.7,-0.58174,18.811,0.42005,supercritical
873.46,20.265,2.6696,0.37459,8719.7,12485,47.157,10.728,14.824,2331.6,-0.58178,18.836,0.42067,supercritical
875.1,20.265,2.6648,0.37526,8737.3,12510,47.184,10.73,14.826,2333.5,-0.58181,18.861,0.42129,supercritical
876.74,20.265,2.6601,0.37593,8754.9,12534,47.212,10.732,14.828,2335.4,-0.58185,18.885,0.42191,supercritical
878.39,20.265,2.6553,0.3766,8772.5,12558,47.24,10.734,14.83,2337.4,-0.58188,18.91,0.42254,supercritical
880.03,20.265,2.6506,0.37728,8790.1,12583,47.268,10.737,14.832,2339.3,-0.58192,18.935,0.42316,supercritical
881.67,20.265,2.6459,0.37795,8807.8,12607,47.295,10.739,14.834,2341.2,-0.58195,18.96,0.42378,supercritical
883.32,20.265,2.6412,0.37862,8825.4,12632,47.323,10.741,14.836,2343.1,-0.58198,18.984,0.4244,supercritical
884.96,20.265,2.6365,0.37929,8843,12656,47.351,10.743,14.838,2345,-0.58201,19.009,0.42503,supercritical
886.61,20.265,2.6318,0.37996,8860.6,12680,47.378,10.745,14.84,2346.9,-0.58204,19.034,0.42565,supercritical
888.25,20.265,2.6272,0.38064,8878.3,12705,47.406,10.747,14.842,2348.8,-0.58206,19.059,0.42627,supercritical
889.89,20.265,2.6226,0.38131,8895.9,12729,47.433,10.749,14.845,2350.7,-0.58209,19.083,0.4269,supercritical
891.54,20.265,2.6179,0.38198,8913.6,12753,47.461,10.752,14.847,2352.6,-0.58212,19.108,0.42752,supercritical
893.18,20.265,2.6133,0.38265,8931.2,12778,47.488,10.754,14.849,2354.5,-0.58214,19.133,0.42815,supercritical
894.82,20.265,2.6088,0.38332,8948.9,12802,47.515,10.756,14.851,2356.4,-0.58216,19.157,0.42877,supercritical
896.47,20.265,2.6042,0.384,8966.5,12827,47.542,10.758,14.853,2358.3,-0.58218,19.182,0.4294,supercritical
898.11,20.265,2.5996,0.38467,8984.2,12851,47.57,10.76,14.855,2360.2,-0.5822,19.207,0.43002,supercritical
899.75,20.265,2.5951,0.38534,9001.8,12876,47.597,10.763,14.857,2362.1,-0.58222,19.231,0.43065,supercritical
901.4,20.265,2.5906,0.38601,9019.5,12900,47.624,10.765,14.859,2364,-0.58224,19.256,0.43127,supercritical
903.04,20.265,2.5861,0.38668,9037.1,12924,47.651,10.767,14.862,2365.9,-0.58226,19.28,0.4319,supercritical
904.68,20.265,2.5816,0.38736,9054.8,12949,47.678,10.769,14.864,2367.8,-0.58227,19.305,0.43252,supercritical
906.33,20.265,2.5771,0.38803,9072.5,12973,47.705,10.772,14.866,2369.6,-0.58229,19.33,0.43315,supercritical
907.97,20.265,2.5727,0.3887,9090.2,12998,47.732,10.774,14.868,2371.5,-0.5823,19.354,0.43378,supercritical
909.61,20.265,2.5682,0.38937,9107.9,13022,47.759,10.776,14.87,2373.4,-0.58231,19.379,0.4344,supercritical
911.26,20.265,2.5638,0.39004,9125.5,13047,47.786,10.778,14.873,2375.3,-0.58232,19.403,0.43503,supercritical
912.9,20.265,2.5594,0.39072,9143.2,13071,47.812,10.781,14.875,2377.2,-0.58233,19.428,0.43566,supercritical
914.54,20.265,2.555,0.39139,9160.9,13095,47.839,10.783,14.877,2379,-0.58234,19.452,0.43628,supercritical
916.19,20.265,2.5506,0.39206,9178.6,13120,47.866,10.785,14.879,2380.9,-0.58235,19.477,0.43691,supercritical
917.83,20.265,2.5463,0.39273,9196.3,13144,47.893,10.788,14.882,2382.8,-0.58236,19.501,0.43754,supercritical
919.47,20.265,2.5419,0.3934,9214,13169,47.919,10.79,14.884,2384.6,-0.58236,19.526,0.43816,supercritical
921.12,20.265,2.5376,0.39407,9231.7,13193,47.946,10.792,14.886,2386.5,-0.58237,19.55,0.43879,supercritical
922.76,20.265,2.5333,0.39475,9249.4,13218,47.972,10.794,14.888,2388.4,-0.58237,19.575,0.43942,supercritical
924.4,20.265,2.529,0.39542,9267.2,13242,47.999,10.797,14.891,2390.2,-0.58237,19.599,0.44005,supercritical
926.05,20.265,2.5247,0.39609,9284.9,13267,48.025,10.799,14.893,2392.1,-0.58237,19.624,0.44068,supercritical
927.69,20.265,2.5204,0.39676,9302.6,13291,48.052,10.802,14.895,2394,-0.58237,19.648,0.44131,supercritical
929.33,20.265,2.5161,0.39743,9320.3,13316,48.078,10.804,14.898,2395.8,-0.58237,19.672,0.44193,supercritical
930.98,20.265,2.5119,0.39811,9338.1,13340,48.104,10.806,14.9,2397.7,-0.58237,19.697,0.44256,supercritical
932.62,20.265,2.5077,0.39878,9355.8,13365,48.131,10.809,14.902,2399.5,-0.58237,19.721,0.44319,supercritical
934.26,20.265,2.5034,0.39945,9373.5,13389,48.157,10.811,14.905,2401.4,-0.58236,19.746,0.44382,supercritical
935.91,20.265,2.4992,0.40012,9391.3,13414,48.183,10.813,14.907,2403.2,-0.58236,19.77,0.44445,supercritical
937.55,20.265,2.4951,0.40079,9409,13438,48.209,10.816,14.909,2405.1,-0.58235,19.794,0.44508,supercritical
939.19,20.265,2.4909,0.40147,9426.8,13463,48.235,10.818,14.912,2406.9,-0.58235,19.819,0.44571,supercritical
940.84,20.265,2.4867,0.40214,9444.5,13487,48.261,10.821,14.914,2408.8,-0.58234,19.843,0.44634,supercritical
942.48,20.265,2.4826,0.40281,9462.3,13512,48.287,10.823,14.916,2410.6,-0.58233,19.867,0.44697,supercritical
944.12,20.265,2.4784,0.40348,9480,13536,48.313,10.825,14.919,2412.5,-0.58232,19.892,0.4476,supercritical
945.77,20.265,2.4743,0.40415,9497.8,13561,48.339,10.828,14.921,2414.3,-0.58231,19.916,0.44823,supercritical
947.41,20.265,2.4702,0.40482,9515.6,13585,48.365,10.83,14.923,2416.1,-0.5823,19.94,0.44886,supercritical
949.05,20.265,2.4661,0.4055,9533.3,13610,48.391,10.833,14.926,2418,-0.58228,19.965,0.4495,supercritical
950.7,20.265,2.462,0.40617,9551.1,13634,48.417,10.835,14.928,2419.8,-0.58227,19.989,0.45013,supercritical
952.34,20.265,2.458,0.40684,9568.9,13659,48.443,10.838,14.931,2421.6,-0.58225,20.013,0.45076,supercritical
953.98,20.265,2.4539,0.40751,9586.7,13683,48.468,10.84,14.933,2423.5,-0.58224,20.038,0.45139,supercritical
955.63,20.265,2.4499,0.40818,9604.5,13708,48.494,10.843,14.936,2425.3,-0.58222,20.062,0.45202,supercritical
957.27,20.265,2.4459,0.40886,9622.3,13732,48.52,10.845,14.938,2427.1,-0.5822,20.086,0.45266,supercritical
958.91,20.265,2.4418,0.40953,9640.1,13757,48.545,10.848,14.941,2428.9,-0.58219,20.11,0.45329,supercritical
960.56,20.265,2.4378,0.4102,9657.9,13781,48.571,10.85,14.943,2430.8,-0.58217,20.134,0.45392,supercritical
962.2,20.265,2.4339,0.41087,9675.7,13806,48.597,10.853,14.945,2432.6,-0.58214,20.159,0.45455,supercritical
963.85,20.265,2.4299,0.41154,9693.5,13831,48.622,10.855,14.948,2434.4,-0.58212,20.183,0.45519,supercritical
965.49,20.265,2.4259,0.41221,9711.3,13855,48.648,10.858,14.95,2436.2,-0.5821,20.207,0.45582,supercritical
967.13,20.265,2.422,0.41289,9729.1,13880,48.673,10.86,14.953,2438,-0.58208,20.231,0.45645,supercritical
968.78,20.265,2.418,0.41356,9746.9,13904,48.698,10.863,14.955,2439.8,-0.58205,20.255,0.45709,supercritical
970.42,20.265,2.4141,0.41423,9764.8,13929,48.724,10.865,14.958,2441.7,-0.58203,20.28,0.45772,supercritical
972.06,20.265,2.4102,0.4149,9782.6,13953,48.749,10.868,14.96,2443.5,-0.582,20.304,0.45836,supercritical
973.71,20.265,2.4063,0.41557,9800.4,13978,48.774,10.871,14.963,2445.3,-0.58197,20.328,0.45899,supercritical
975.35,20.265,2.4024,0.41625,9818.3,14003,48.8,10.873,14.966,2447.1,-0.58195,20.352,0.45963,supercritical
976.99,20.265,2.3986,0.41692,9836.1,14027,48.825,10.876,14.968,2448.9,-0.58192,20.376,0.46026,supercritical
978.64,20.265,2.3947,0.41759,9854,14052,48.85,10.878,14.971,2450.7,-0.58189,20.4,0.4609,supercritical
980.28,20.265,2.3909,0.41826,9871.8,14076,48.875,10.881,14.973,2452.5,-0.58186,20.424,0.46153,supercritical
981.92,20.265,2.387,0.41893,9889.7,14101,48.9,10.884,14.976,2454.3,-0.58183,20.448,0.46217,supercritical
983.57,20.265,2.3832,0.4196,9907.5,14126,48.925,10.886,14.978,2456.1,-0.58179,20.472,0.4628,supercritical
985.21,20.265,2.3794,0.42028,9925.4,14150,48.95,10.889,14.981,2457.9,-0.58176,20.496,0.46344,supercritical
986.85,20.265,2.3756,0.42095,9943.3,14175,48.975,10.891,14.983,2459.7,-0.58172,20.52,0.46407,supercritical
988.5,20.265,2.3718,0.42162,9961.1,14200,49,10.894,14.986,2461.5,-0.58169,20.544,0.46471,supercritical
990.14,20.265,2.368,0.42229,9979,14224,49.025,10.897,14.989,2463.3,-0.58165,20.569,0.46535,supercritical
991.78,20.265,2.3643,0.42296,9996.9,14249,49.05,10.899,14.991,2465.1,-0.58162,20.593,0.46598,supercritical
993.43,20.265,2.3605,0.42363,10015,14273,49.075,10.902,14.994,2466.8,-0.58158,20.617,0.46662,supercritical
995.07,20.265,2.3568,0.42431,10033,14298,49.099,10.905,14.997,2468.6,-0.58154,20.641,0.46726,supercritical
996.71,20.265,2.3531,0.42498,10051,14323,49.124,10.907,14.999,2470.4,-0.5815,20.665,0.4679,supercritical
998.36,20.265,2.3494,0.42565,10068,14347,49.149,10.91,15.002,2472.2,-0.58146,20.688,0.46853,supercritical
1000,20.265,2.3456,0.42632,10086,14372,49.174,10.913,15.004,2474,-0.58142,20.712,0.46917,supercritical
